{"type":"FeatureCollection","features":[{"type":"Feature","properties":{"id":"selangor","name":"Selangor"},"geometry":{"type":"MultiPolygon","coordinates":[[[[101.753,2.82],[101.761,2.707],[101.758,2.702],[101.753,2.701],[101.75,2.689],[101.751,2.686],[101.745,2.684],[101.739,2.677],[101.739,2.672],[101.743,2.669],[101.745,2.658],[101.729,2.649],[101.724,2.643],[101.723,2.639],[101.729,2.629],[101.728,2.621],[101.726,2.62],[101.722,2.624],[101.719,2.624],[101.707,2.617],[101.702,2.612],[101.702,2.607],[101.71,2.602],[101.71,2.598],[101.706,2.596],[101.692,2.599],[101.688,2.604],[101.689,2.605],[101.685,2.612],[101.672,2.62],[101.632,2.631],[101.628,2.634],[101.608,2.636],[101.573,2.655],[101.553,2.658],[101.531,2.669],[101.523,2.675],[101.486,2.688],[101.474,2.697],[101.458,2.718],[101.449,2.74],[101.44,2.754],[101.44,2.758],[101.428,2.772],[101.423,2.78],[101.424,2.782],[101.418,2.783],[101.41,2.79],[101.411,2.791],[101.41,2.791],[101.409,2.801],[101.407,2.801],[101.407,2.804],[101.413,2.808],[101.411,2.81],[101.409,2.809],[101.398,2.808],[101.392,2.812],[101.385,2.811],[101.369,2.814],[101.357,2.819],[101.355,2.82],[101.357,2.821],[101.347,2.822],[101.34,2.828],[101.323,2.833],[101.314,2.838],[101.313,2.836],[101.309,2.836],[101.292,2.842],[101.284,2.871],[101.285,2.879],[101.289,2.883],[101.299,2.889],[101.314,2.909],[101.32,2.91],[101.326,2.909],[101.339,2.895],[101.343,2.892],[101.348,2.894],[101.349,2.902],[101.339,2.916],[101.338,2.919],[101.339,2.921],[101.346,2.923],[101.35,2.921],[101.358,2.912],[101.366,2.906],[101.375,2.905],[101.38,2.908],[101.386,2.926],[101.387,2.938],[101.392,2.945],[101.385,2.936],[101.383,2.92],[101.375,2.907],[101.368,2.907],[101.364,2.911],[101.358,2.918],[101.357,2.925],[101.363,2.937],[101.369,2.961],[101.378,2.971],[101.39,2.979],[101.393,2.986],[101.393,2.992],[101.391,2.997],[101.385,3.002],[101.375,3.002],[101.364,3],[101.361,3.002],[101.358,3.011],[101.357,3.021],[101.356,3.021],[101.356,3.028],[101.358,3.028],[101.357,3.03],[101.359,3.029],[101.357,3.033],[101.358,3.05],[101.358,3.052],[101.363,3.048],[101.364,3.05],[101.359,3.055],[101.357,3.072],[101.359,3.073],[101.355,3.076],[101.358,3.078],[101.354,3.079],[101.35,3.086],[101.351,3.088],[101.349,3.087],[101.344,3.089],[101.339,3.094],[101.328,3.108],[101.33,3.109],[101.328,3.111],[101.327,3.116],[101.324,3.114],[101.318,3.115],[101.314,3.122],[101.309,3.139],[101.312,3.141],[101.31,3.14],[101.309,3.143],[101.307,3.15],[101.304,3.225],[101.3,3.238],[101.3,3.253],[101.302,3.257],[101.296,3.256],[101.293,3.258],[101.283,3.279],[101.262,3.308],[101.245,3.316],[101.241,3.32],[101.232,3.334],[101.235,3.344],[101.232,3.348],[101.218,3.345],[101.217,3.346],[101.209,3.347],[101.209,3.349],[101.208,3.348],[101.191,3.354],[101.185,3.358],[101.181,3.367],[101.177,3.385],[101.172,3.39],[101.174,3.394],[101.169,3.393],[101.165,3.396],[101.149,3.424],[101.134,3.447],[101.124,3.454],[101.116,3.468],[101.104,3.482],[101.103,3.487],[101.096,3.493],[101.092,3.498],[101.089,3.509],[101.09,3.515],[101.082,3.528],[101.077,3.547],[101.07,3.559],[101.059,3.586],[101.047,3.607],[101.02,3.636],[101.02,3.638],[101.015,3.638],[101.003,3.649],[100.985,3.661],[100.982,3.666],[100.979,3.666],[100.971,3.671],[100.958,3.682],[100.944,3.688],[100.929,3.691],[100.924,3.702],[100.924,3.709],[100.905,3.738],[100.903,3.738],[100.9,3.741],[100.897,3.746],[100.897,3.749],[100.894,3.748],[100.874,3.764],[100.872,3.766],[100.874,3.768],[100.869,3.767],[100.846,3.778],[100.833,3.781],[100.833,3.783],[100.826,3.781],[100.822,3.778],[100.821,3.779],[100.816,3.778],[100.813,3.782],[100.81,3.799],[100.811,3.816],[100.818,3.846],[100.823,3.846],[100.818,3.851],[100.828,3.849],[100.846,3.85],[100.862,3.855],[100.888,3.855],[100.908,3.86],[100.934,3.87],[100.943,3.87],[100.946,3.868],[100.947,3.864],[100.94,3.84],[100.941,3.833],[100.949,3.829],[100.966,3.827],[100.977,3.82],[100.979,3.815],[100.979,3.808],[100.978,3.805],[100.964,3.798],[100.96,3.791],[100.961,3.781],[100.97,3.771],[100.978,3.769],[100.985,3.772],[100.987,3.793],[100.99,3.798],[100.995,3.801],[101.006,3.799],[101.016,3.804],[101.025,3.805],[101.032,3.795],[101.027,3.784],[101.029,3.783],[101.035,3.785],[101.045,3.786],[101.052,3.792],[101.059,3.795],[101.061,3.793],[101.061,3.79],[101.055,3.782],[101.06,3.77],[101.058,3.755],[101.061,3.753],[101.064,3.754],[101.067,3.764],[101.076,3.767],[101.085,3.78],[101.089,3.782],[101.092,3.779],[101.089,3.772],[101.089,3.766],[101.101,3.752],[101.101,3.749],[101.098,3.749],[101.092,3.755],[101.075,3.759],[101.08,3.746],[101.074,3.735],[101.074,3.732],[101.076,3.729],[101.079,3.729],[101.081,3.73],[101.086,3.742],[101.092,3.742],[101.098,3.744],[101.1,3.743],[101.1,3.736],[101.102,3.733],[101.106,3.733],[101.108,3.735],[101.108,3.744],[101.11,3.747],[101.113,3.746],[101.12,3.738],[101.122,3.737],[101.124,3.74],[101.124,3.748],[101.128,3.753],[101.131,3.762],[101.133,3.764],[101.135,3.761],[101.136,3.753],[101.145,3.747],[101.135,3.738],[101.135,3.736],[101.139,3.736],[101.154,3.729],[101.154,3.732],[101.151,3.74],[101.152,3.744],[101.154,3.745],[101.157,3.742],[101.163,3.726],[101.164,3.739],[101.163,3.745],[101.165,3.75],[101.167,3.748],[101.167,3.742],[101.171,3.734],[101.171,3.729],[101.19,3.732],[101.19,3.73],[101.182,3.725],[101.176,3.717],[101.171,3.72],[101.171,3.715],[101.175,3.711],[101.183,3.718],[101.191,3.722],[101.192,3.722],[101.193,3.719],[101.198,3.718],[101.196,3.724],[101.198,3.728],[101.199,3.727],[101.199,3.725],[101.2,3.722],[101.202,3.722],[101.203,3.72],[101.205,3.72],[101.207,3.715],[101.209,3.715],[101.212,3.716],[101.213,3.709],[101.217,3.71],[101.222,3.714],[101.229,3.715],[101.24,3.72],[101.248,3.719],[101.248,3.715],[101.245,3.708],[101.247,3.706],[101.245,3.702],[101.243,3.702],[101.247,3.697],[101.247,3.693],[101.248,3.692],[101.246,3.689],[101.246,3.684],[101.248,3.677],[101.253,3.673],[101.258,3.674],[101.259,3.671],[101.263,3.669],[101.266,3.671],[101.27,3.669],[101.272,3.671],[101.273,3.669],[101.281,3.67],[101.281,3.674],[101.287,3.677],[101.292,3.677],[101.292,3.679],[101.297,3.678],[101.299,3.674],[101.302,3.674],[101.306,3.676],[101.31,3.683],[101.31,3.686],[101.317,3.687],[101.321,3.692],[101.327,3.69],[101.331,3.693],[101.333,3.69],[101.339,3.695],[101.345,3.709],[101.345,3.714],[101.34,3.726],[101.34,3.729],[101.337,3.737],[101.338,3.747],[101.337,3.749],[101.333,3.75],[101.332,3.749],[101.331,3.753],[101.33,3.751],[101.329,3.754],[101.327,3.754],[101.328,3.761],[101.326,3.766],[101.325,3.768],[101.323,3.767],[101.32,3.768],[101.32,3.77],[101.321,3.773],[101.323,3.773],[101.323,3.775],[101.325,3.775],[101.324,3.778],[101.327,3.779],[101.326,3.786],[101.331,3.788],[101.333,3.788],[101.334,3.791],[101.336,3.79],[101.338,3.795],[101.34,3.794],[101.347,3.798],[101.349,3.794],[101.352,3.8],[101.355,3.8],[101.356,3.803],[101.357,3.801],[101.362,3.805],[101.366,3.801],[101.369,3.803],[101.369,3.802],[101.37,3.8],[101.374,3.802],[101.377,3.796],[101.38,3.794],[101.381,3.792],[101.38,3.791],[101.383,3.791],[101.383,3.79],[101.384,3.789],[101.383,3.788],[101.384,3.786],[101.383,3.785],[101.387,3.783],[101.385,3.779],[101.386,3.777],[101.385,3.776],[101.387,3.775],[101.387,3.773],[101.386,3.773],[101.387,3.771],[101.392,3.774],[101.394,3.771],[101.398,3.77],[101.4,3.766],[101.404,3.766],[101.405,3.764],[101.403,3.765],[101.403,3.763],[101.409,3.759],[101.413,3.759],[101.414,3.761],[101.415,3.758],[101.419,3.759],[101.42,3.752],[101.423,3.751],[101.425,3.752],[101.424,3.751],[101.427,3.753],[101.429,3.752],[101.436,3.754],[101.439,3.751],[101.441,3.752],[101.443,3.747],[101.445,3.745],[101.445,3.74],[101.449,3.739],[101.449,3.737],[101.454,3.733],[101.453,3.73],[101.456,3.727],[101.455,3.726],[101.457,3.726],[101.456,3.725],[101.458,3.723],[101.457,3.723],[101.457,3.72],[101.46,3.718],[101.46,3.716],[101.464,3.714],[101.465,3.716],[101.469,3.717],[101.475,3.713],[101.475,3.71],[101.48,3.702],[101.483,3.702],[101.49,3.698],[101.493,3.7],[101.498,3.699],[101.502,3.693],[101.505,3.693],[101.513,3.687],[101.519,3.678],[101.522,3.678],[101.526,3.681],[101.532,3.682],[101.534,3.68],[101.537,3.683],[101.539,3.683],[101.539,3.687],[101.547,3.697],[101.546,3.699],[101.548,3.702],[101.549,3.7],[101.554,3.704],[101.56,3.703],[101.562,3.709],[101.568,3.711],[101.572,3.72],[101.578,3.721],[101.579,3.724],[101.582,3.727],[101.581,3.731],[101.582,3.738],[101.597,3.751],[101.599,3.762],[101.604,3.773],[101.609,3.775],[101.618,3.773],[101.625,3.773],[101.624,3.77],[101.627,3.771],[101.637,3.756],[101.642,3.752],[101.644,3.746],[101.651,3.738],[101.654,3.729],[101.671,3.724],[101.677,3.723],[101.686,3.713],[101.689,3.712],[101.701,3.713],[101.706,3.712],[101.709,3.714],[101.715,3.711],[101.719,3.71],[101.724,3.714],[101.736,3.713],[101.74,3.701],[101.747,3.697],[101.755,3.688],[101.766,3.685],[101.767,3.68],[101.77,3.675],[101.767,3.668],[101.772,3.665],[101.783,3.651],[101.784,3.635],[101.786,3.633],[101.795,3.628],[101.799,3.618],[101.808,3.613],[101.81,3.608],[101.814,3.606],[101.813,3.598],[101.81,3.595],[101.807,3.587],[101.806,3.578],[101.808,3.574],[101.804,3.553],[101.79,3.548],[101.786,3.548],[101.78,3.543],[101.769,3.518],[101.764,3.514],[101.761,3.508],[101.76,3.495],[101.763,3.49],[101.765,3.479],[101.773,3.47],[101.777,3.454],[101.781,3.445],[101.783,3.432],[101.79,3.426],[101.788,3.422],[101.78,3.415],[101.778,3.409],[101.77,3.403],[101.762,3.4],[101.764,3.387],[101.757,3.375],[101.77,3.365],[101.777,3.362],[101.781,3.353],[101.779,3.346],[101.781,3.343],[101.787,3.339],[101.797,3.336],[101.801,3.328],[101.806,3.325],[101.806,3.32],[101.824,3.299],[101.838,3.292],[101.846,3.291],[101.848,3.29],[101.853,3.283],[101.853,3.28],[101.856,3.276],[101.874,3.275],[101.875,3.271],[101.884,3.266],[101.889,3.267],[101.892,3.271],[101.899,3.271],[101.906,3.268],[101.908,3.264],[101.923,3.264],[101.927,3.258],[101.931,3.257],[101.932,3.255],[101.929,3.249],[101.938,3.241],[101.945,3.228],[101.949,3.212],[101.945,3.21],[101.947,3.198],[101.94,3.189],[101.944,3.185],[101.947,3.171],[101.957,3.158],[101.957,3.151],[101.965,3.144],[101.962,3.137],[101.962,3.127],[101.957,3.118],[101.949,3.115],[101.95,3.108],[101.955,3.099],[101.959,3.083],[101.963,3.08],[101.961,3.064],[101.968,3.06],[101.965,3.053],[101.968,3.049],[101.971,3.033],[101.969,3.028],[101.965,3.029],[101.962,3.027],[101.957,3.029],[101.947,3.02],[101.941,3.019],[101.94,3.015],[101.943,3.008],[101.94,3.001],[101.932,3.001],[101.93,2.991],[101.929,2.983],[101.924,2.976],[101.923,2.968],[101.882,2.87],[101.75,2.873],[101.753,2.82]],[[101.731,3.04],[101.731,3.057],[101.748,3.057],[101.748,3.079],[101.745,3.084],[101.746,3.085],[101.745,3.089],[101.751,3.095],[101.752,3.1],[101.75,3.104],[101.754,3.107],[101.752,3.11],[101.747,3.113],[101.747,3.114],[101.744,3.114],[101.744,3.113],[101.741,3.113],[101.738,3.116],[101.737,3.12],[101.739,3.122],[101.741,3.127],[101.735,3.14],[101.74,3.146],[101.739,3.147],[101.741,3.151],[101.74,3.154],[101.746,3.153],[101.747,3.156],[101.75,3.161],[101.748,3.162],[101.751,3.164],[101.739,3.166],[101.739,3.168],[101.735,3.168],[101.735,3.175],[101.732,3.176],[101.734,3.18],[101.733,3.181],[101.749,3.179],[101.755,3.183],[101.757,3.187],[101.755,3.188],[101.758,3.188],[101.759,3.191],[101.757,3.2],[101.754,3.204],[101.751,3.203],[101.75,3.206],[101.747,3.206],[101.746,3.212],[101.742,3.217],[101.738,3.219],[101.74,3.226],[101.744,3.231],[101.74,3.237],[101.739,3.235],[101.732,3.235],[101.73,3.236],[101.725,3.231],[101.724,3.232],[101.724,3.23],[101.719,3.224],[101.719,3.221],[101.716,3.221],[101.715,3.218],[101.718,3.218],[101.715,3.216],[101.71,3.219],[101.709,3.218],[101.703,3.22],[101.702,3.227],[101.697,3.226],[101.697,3.231],[101.672,3.231],[101.673,3.236],[101.666,3.246],[101.664,3.247],[101.661,3.246],[101.66,3.244],[101.658,3.244],[101.657,3.24],[101.654,3.24],[101.653,3.238],[101.65,3.237],[101.647,3.238],[101.646,3.235],[101.64,3.235],[101.636,3.231],[101.639,3.225],[101.636,3.219],[101.634,3.22],[101.633,3.216],[101.629,3.211],[101.624,3.202],[101.618,3.2],[101.617,3.18],[101.613,3.155],[101.618,3.148],[101.628,3.14],[101.629,3.133],[101.635,3.135],[101.647,3.13],[101.647,3.128],[101.643,3.122],[101.649,3.121],[101.652,3.113],[101.659,3.117],[101.658,3.114],[101.659,3.113],[101.659,3.096],[101.662,3.094],[101.663,3.089],[101.659,3.088],[101.66,3.083],[101.647,3.075],[101.652,3.073],[101.653,3.07],[101.648,3.065],[101.65,3.066],[101.651,3.063],[101.649,3.062],[101.65,3.06],[101.653,3.062],[101.655,3.061],[101.661,3.062],[101.661,3.053],[101.655,3.054],[101.653,3.05],[101.67,3.05],[101.67,3.045],[101.672,3.046],[101.679,3.045],[101.687,3.049],[101.692,3.047],[101.693,3.049],[101.699,3.049],[101.7,3.052],[101.703,3.053],[101.707,3.053],[101.707,3.051],[101.709,3.051],[101.712,3.058],[101.714,3.058],[101.715,3.057],[101.716,3.053],[101.717,3.053],[101.717,3.05],[101.72,3.051],[101.722,3.044],[101.725,3.042],[101.724,3.04],[101.723,3.04],[101.723,3.037],[101.729,3.041],[101.731,3.04]],[[101.702,2.979],[101.683,2.971],[101.675,2.972],[101.67,2.971],[101.661,2.964],[101.663,2.958],[101.671,2.953],[101.673,2.948],[101.673,2.946],[101.663,2.944],[101.667,2.938],[101.666,2.931],[101.671,2.923],[101.671,2.919],[101.67,2.915],[101.668,2.915],[101.668,2.91],[101.662,2.908],[101.662,2.904],[101.658,2.899],[101.664,2.879],[101.67,2.883],[101.673,2.876],[101.674,2.881],[101.677,2.879],[101.679,2.88],[101.679,2.881],[101.683,2.882],[101.688,2.893],[101.696,2.894],[101.696,2.898],[101.7,2.901],[101.7,2.905],[101.696,2.906],[101.696,2.909],[101.699,2.909],[101.699,2.913],[101.706,2.913],[101.706,2.929],[101.731,2.929],[101.731,2.953],[101.729,2.955],[101.714,2.955],[101.714,2.964],[101.709,2.961],[101.707,2.963],[101.702,2.963],[101.702,2.967],[101.698,2.968],[101.699,2.972],[101.706,2.979],[101.707,2.983],[101.705,2.983],[101.705,2.981],[101.702,2.979]]],[[[101.361,2.995],[101.385,2.993],[101.389,2.991],[101.387,2.987],[101.373,2.978],[101.366,2.969],[101.357,2.944],[101.351,2.934],[101.348,2.93],[101.34,2.928],[101.335,2.924],[101.335,2.916],[101.346,2.902],[101.346,2.897],[101.341,2.895],[101.33,2.908],[101.323,2.912],[101.318,2.912],[101.308,2.906],[101.296,2.891],[101.278,2.881],[101.27,2.889],[101.269,2.893],[101.275,2.896],[101.284,2.912],[101.285,2.912],[101.284,2.913],[101.288,2.924],[101.31,2.962],[101.312,2.964],[101.314,2.964],[101.313,2.965],[101.314,2.968],[101.326,2.98],[101.335,2.98],[101.335,2.981],[101.332,2.981],[101.331,2.982],[101.342,2.992],[101.353,2.996],[101.355,2.996],[101.355,2.993],[101.357,2.995],[101.361,2.995]]],[[[101.299,2.975],[101.293,2.973],[101.287,2.965],[101.279,2.96],[101.281,2.968],[101.289,2.974],[101.303,2.98],[101.304,2.977],[101.302,2.975],[101.299,2.975]]],[[[101.377,2.979],[101.382,2.982],[101.384,2.982],[101.374,2.974],[101.377,2.979]]],[[[101.303,2.982],[101.309,2.985],[101.311,2.984],[101.308,2.981],[101.303,2.982]]],[[[101.256,2.937],[101.256,2.925],[101.258,2.919],[101.257,2.912],[101.256,2.912],[101.254,2.906],[101.249,2.903],[101.234,2.899],[101.232,2.905],[101.234,2.911],[101.232,2.912],[101.231,2.919],[101.234,2.92],[101.232,2.922],[101.233,2.926],[101.23,2.928],[101.232,2.939],[101.232,2.947],[101.238,2.955],[101.253,2.965],[101.256,2.951],[101.257,2.939],[101.255,2.938],[101.256,2.937]]],[[[101.293,2.95],[101.275,2.917],[101.269,2.912],[101.263,2.912],[101.263,2.924],[101.262,2.939],[101.263,2.947],[101.27,2.953],[101.29,2.966],[101.29,2.968],[101.293,2.972],[101.301,2.974],[101.302,2.973],[101.299,2.962],[101.294,2.952],[101.292,2.951],[101.293,2.95]]],[[[101.271,2.957],[101.277,2.966],[101.28,2.968],[101.277,2.96],[101.269,2.954],[101.271,2.957]]],[[[101.253,3.014],[101.258,3.016],[101.259,3.014],[101.259,3.002],[101.258,2.999],[101.242,2.988],[101.235,2.979],[101.232,2.977],[101.23,2.979],[101.231,2.977],[101.229,2.977],[101.231,2.976],[101.23,2.976],[101.228,2.97],[101.224,2.965],[101.217,2.964],[101.214,2.968],[101.218,2.983],[101.222,2.983],[101.219,2.985],[101.22,2.993],[101.222,2.994],[101.226,2.992],[101.228,2.993],[101.223,2.997],[101.222,3.002],[101.224,3.004],[101.227,3.003],[101.226,3.005],[101.229,3.007],[101.245,3.015],[101.252,3.016],[101.253,3.015],[101.251,3.015],[101.253,3.014]]],[[[101.312,2.986],[101.313,2.987],[101.321,2.991],[101.316,2.986],[101.312,2.985],[101.312,2.986]]],[[[101.331,3.067],[101.336,3.062],[101.336,3.051],[101.334,3.048],[101.333,3.036],[101.337,3.018],[101.333,3.018],[101.337,3.013],[101.338,3],[101.334,2.999],[101.331,2.995],[101.309,2.987],[101.3,2.98],[101.289,2.976],[101.282,2.97],[101.277,2.968],[101.268,2.954],[101.262,2.952],[101.261,2.955],[101.262,2.963],[101.26,2.964],[101.262,2.977],[101.273,2.999],[101.274,2.998],[101.274,3],[101.275,3],[101.275,3.003],[101.28,3.01],[101.282,3.01],[101.281,3.014],[101.287,3.026],[101.286,3.028],[101.289,3.037],[101.3,3.06],[101.302,3.06],[101.303,3.063],[101.307,3.067],[101.317,3.069],[101.326,3.069],[101.331,3.067]]],[[[101.264,3.014],[101.267,3.021],[101.269,3.021],[101.268,3.014],[101.265,3.009],[101.264,3.014]]],[[[101.264,3.059],[101.27,3.055],[101.277,3.042],[101.276,3.038],[101.265,3.026],[101.256,3.019],[101.245,3.018],[101.223,3.007],[101.217,3.007],[101.215,3.011],[101.218,3.02],[101.227,3.038],[101.232,3.045],[101.235,3.047],[101.237,3.05],[101.244,3.055],[101.256,3.06],[101.264,3.059]]]]}},{"type":"Feature","properties":{"id":"pahang","name":"Pahang"},"geometry":{"type":"MultiPolygon","coordinates":[[[[103.979,2.702],[103.983,2.697],[103.988,2.698],[103.994,2.696],[103.994,2.676],[103.99,2.673],[103.982,2.681],[103.98,2.685],[103.979,2.683],[103.981,2.681],[103.982,2.674],[103.975,2.677],[103.976,2.683],[103.973,2.693],[103.972,2.701],[103.974,2.702],[103.976,2.7],[103.977,2.702],[103.979,2.702]]],[[[103.964,2.698],[103.966,2.7],[103.965,2.696],[103.967,2.691],[103.967,2.689],[103.964,2.69],[103.963,2.685],[103.96,2.683],[103.957,2.685],[103.957,2.683],[103.955,2.683],[103.952,2.688],[103.952,2.692],[103.951,2.692],[103.952,2.7],[103.953,2.7],[103.957,2.702],[103.964,2.698]]],[[[104.03,2.784],[104.032,2.785],[104.033,2.785],[104.032,2.783],[104.03,2.784]]],[[[104.174,2.897],[104.176,2.894],[104.18,2.893],[104.179,2.886],[104.181,2.882],[104.19,2.876],[104.185,2.875],[104.185,2.87],[104.19,2.867],[104.186,2.864],[104.193,2.853],[104.192,2.843],[104.198,2.834],[104.194,2.832],[104.2,2.828],[104.201,2.827],[104.199,2.825],[104.199,2.823],[104.203,2.821],[104.205,2.815],[104.21,2.811],[104.207,2.808],[104.208,2.805],[104.215,2.8],[104.214,2.798],[104.207,2.799],[104.204,2.791],[104.206,2.781],[104.208,2.78],[104.21,2.781],[104.214,2.778],[104.221,2.776],[104.22,2.774],[104.224,2.767],[104.223,2.764],[104.221,2.762],[104.222,2.756],[104.217,2.749],[104.216,2.745],[104.221,2.738],[104.219,2.737],[104.22,2.734],[104.217,2.729],[104.217,2.723],[104.213,2.72],[104.205,2.718],[104.2,2.72],[104.185,2.722],[104.168,2.716],[104.159,2.717],[104.151,2.721],[104.132,2.741],[104.122,2.746],[104.12,2.75],[104.123,2.762],[104.121,2.772],[104.118,2.777],[104.118,2.782],[104.121,2.788],[104.128,2.796],[104.129,2.801],[104.147,2.811],[104.148,2.813],[104.158,2.818],[104.162,2.822],[104.164,2.828],[104.163,2.833],[104.161,2.834],[104.16,2.846],[104.149,2.856],[104.152,2.859],[104.15,2.862],[104.155,2.863],[104.148,2.867],[104.147,2.87],[104.15,2.875],[104.155,2.875],[104.156,2.881],[104.154,2.887],[104.157,2.893],[104.162,2.894],[104.17,2.897],[104.174,2.897]]],[[[104.112,2.917],[104.115,2.912],[104.112,2.911],[104.112,2.91],[104.11,2.909],[104.105,2.908],[104.103,2.906],[104.098,2.91],[104.098,2.911],[104.106,2.912],[104.102,2.919],[104.104,2.92],[104.105,2.917],[104.108,2.915],[104.112,2.917]]],[[[102.931,4.099],[102.944,4.107],[102.962,4.114],[102.966,4.119],[102.969,4.119],[102.97,4.121],[102.975,4.12],[102.983,4.124],[102.986,4.12],[102.995,4.131],[102.999,4.129],[103.005,4.129],[103.009,4.122],[103.014,4.12],[103.018,4.121],[103.02,4.119],[103.024,4.121],[103.029,4.122],[103.041,4.118],[103.045,4.118],[103.047,4.116],[103.052,4.118],[103.054,4.12],[103.058,4.118],[103.065,4.117],[103.068,4.114],[103.072,4.114],[103.075,4.108],[103.073,4.104],[103.074,4.098],[103.077,4.096],[103.087,4.097],[103.1,4.089],[103.103,4.093],[103.109,4.088],[103.12,4.084],[103.12,4.082],[103.123,4.082],[103.125,4.078],[103.124,4.072],[103.128,4.071],[103.132,4.066],[103.135,4.052],[103.141,4.056],[103.144,4.051],[103.15,4.048],[103.156,4.048],[103.161,4.042],[103.162,4.038],[103.165,4.034],[103.171,4.031],[103.179,4.031],[103.182,4.03],[103.186,4.032],[103.191,4.029],[103.196,4.041],[103.2,4.041],[103.205,4.038],[103.204,4.029],[103.209,4.015],[103.212,4.013],[103.218,4.012],[103.224,4.018],[103.226,4.022],[103.232,4.021],[103.236,4.017],[103.239,4.02],[103.245,4.018],[103.243,4.009],[103.245,4.002],[103.249,3.997],[103.248,3.994],[103.249,3.991],[103.252,3.992],[103.255,3.988],[103.258,3.988],[103.269,3.98],[103.272,3.977],[103.276,3.968],[103.276,3.964],[103.271,3.961],[103.271,3.956],[103.269,3.954],[103.267,3.95],[103.27,3.95],[103.273,3.944],[103.273,3.94],[103.28,3.94],[103.302,3.901],[103.303,3.893],[103.313,3.882],[103.316,3.885],[103.315,3.889],[103.32,3.894],[103.318,3.901],[103.306,3.921],[103.309,3.924],[103.329,3.931],[103.328,3.937],[103.335,3.947],[103.336,3.954],[103.336,3.97],[103.334,3.974],[103.333,3.979],[103.334,3.984],[103.33,3.989],[103.327,3.994],[103.325,4.012],[103.329,4.035],[103.326,4.05],[103.318,4.064],[103.313,4.063],[103.308,4.065],[103.305,4.075],[103.301,4.082],[103.302,4.089],[103.305,4.089],[103.307,4.095],[103.306,4.103],[103.308,4.11],[103.307,4.117],[103.31,4.12],[103.324,4.127],[103.325,4.144],[103.328,4.145],[103.328,4.152],[103.325,4.158],[103.328,4.163],[103.324,4.165],[103.321,4.172],[103.321,4.184],[103.318,4.188],[103.32,4.192],[103.319,4.195],[103.321,4.197],[103.326,4.191],[103.334,4.192],[103.345,4.179],[103.4,4.179],[103.44,4.188],[103.443,4.185],[103.445,4.181],[103.44,4.174],[103.435,4.179],[103.429,4.179],[103.421,4.177],[103.415,4.173],[103.41,4.156],[103.408,4.131],[103.406,4.133],[103.4,4.125],[103.396,4.128],[103.393,4.127],[103.387,4.121],[103.385,4.112],[103.388,4.081],[103.397,4.056],[103.396,4.052],[103.399,4.041],[103.412,4.01],[103.432,3.975],[103.442,3.965],[103.441,3.963],[103.436,3.962],[103.436,3.958],[103.432,3.957],[103.43,3.961],[103.415,3.968],[103.409,3.969],[103.402,3.966],[103.394,3.959],[103.377,3.934],[103.37,3.92],[103.368,3.904],[103.368,3.877],[103.376,3.841],[103.376,3.83],[103.379,3.821],[103.375,3.819],[103.373,3.816],[103.374,3.805],[103.373,3.802],[103.366,3.809],[103.355,3.81],[103.342,3.806],[103.342,3.801],[103.329,3.769],[103.326,3.756],[103.326,3.745],[103.33,3.729],[103.342,3.697],[103.358,3.667],[103.369,3.65],[103.371,3.645],[103.368,3.643],[103.368,3.641],[103.374,3.643],[103.377,3.637],[103.39,3.621],[103.399,3.603],[103.402,3.602],[103.415,3.582],[103.432,3.565],[103.448,3.545],[103.468,3.532],[103.474,3.519],[103.475,3.503],[103.471,3.465],[103.466,3.46],[103.441,3.449],[103.428,3.399],[103.425,3.381],[103.424,3.379],[103.423,3.381],[103.422,3.378],[103.422,3.361],[103.425,3.325],[103.435,3.271],[103.44,3.255],[103.445,3.206],[103.441,3.177],[103.442,3.162],[103.447,3.131],[103.447,3.128],[103.443,3.127],[103.442,3.126],[103.441,3.102],[103.438,3.091],[103.437,3.074],[103.432,3.054],[103.432,3.051],[103.435,3.055],[103.431,3.038],[103.431,3.01],[103.429,3.003],[103.43,2.984],[103.428,2.963],[103.43,2.965],[103.427,2.95],[103.43,2.934],[103.437,2.908],[103.451,2.868],[103.478,2.825],[103.496,2.808],[103.52,2.775],[103.527,2.769],[103.545,2.748],[103.554,2.742],[103.555,2.739],[103.566,2.728],[103.613,2.685],[103.63,2.664],[103.632,2.659],[103.618,2.652],[103.614,2.653],[103.61,2.658],[103.603,2.661],[103.595,2.661],[103.589,2.657],[103.587,2.65],[103.593,2.634],[103.595,2.632],[103.6,2.631],[103.603,2.634],[103.604,2.636],[103.6,2.643],[103.6,2.646],[103.604,2.65],[103.611,2.651],[103.613,2.644],[103.611,2.633],[103.618,2.63],[103.621,2.628],[103.62,2.625],[103.613,2.622],[103.612,2.619],[103.613,2.615],[103.624,2.607],[103.625,2.603],[103.613,2.599],[103.61,2.594],[103.612,2.591],[103.621,2.59],[103.623,2.586],[103.62,2.583],[103.61,2.586],[103.605,2.585],[103.599,2.577],[103.597,2.57],[103.598,2.567],[103.601,2.565],[103.604,2.567],[103.607,2.573],[103.61,2.575],[103.612,2.575],[103.614,2.572],[103.614,2.564],[103.616,2.558],[103.615,2.554],[103.613,2.554],[103.609,2.562],[103.605,2.56],[103.593,2.548],[103.592,2.547],[103.595,2.545],[103.59,2.534],[103.592,2.527],[103.594,2.526],[103.603,2.532],[103.607,2.532],[103.613,2.53],[103.621,2.534],[103.623,2.533],[103.623,2.53],[103.618,2.526],[103.616,2.518],[103.625,2.511],[103.629,2.506],[103.63,2.491],[103.638,2.487],[103.629,2.468],[103.624,2.463],[103.614,2.463],[103.609,2.471],[103.608,2.468],[103.609,2.459],[103.608,2.458],[103.472,2.527],[103.46,2.54],[103.453,2.547],[103.439,2.552],[103.418,2.552],[103.355,2.59],[103.289,2.578],[103.148,2.52],[103.077,2.553],[102.972,2.594],[102.924,2.646],[102.794,2.803],[102.699,2.833],[102.695,2.832],[102.697,2.835],[102.692,2.843],[102.695,2.845],[102.694,2.848],[102.696,2.852],[102.694,2.854],[102.694,2.858],[102.693,2.86],[102.692,2.877],[102.69,2.878],[102.69,2.881],[102.687,2.879],[102.688,2.884],[102.684,2.886],[102.685,2.889],[102.681,2.892],[102.68,2.896],[102.675,2.898],[102.674,2.894],[102.666,2.885],[102.466,3.019],[102.389,3.118],[102.293,3.137],[102.159,3.179],[102.155,3.184],[102.151,3.186],[102.151,3.19],[102.142,3.198],[102.128,3.194],[102.122,3.2],[102.115,3.199],[102.115,3.191],[102.113,3.189],[102.107,3.193],[102.097,3.193],[102.084,3.183],[102.081,3.183],[102.078,3.181],[102.075,3.176],[102.075,3.167],[102.069,3.172],[102.059,3.168],[102.057,3.169],[102.055,3.173],[102.056,3.18],[102.052,3.186],[102.051,3.191],[102.055,3.198],[102.052,3.203],[102.051,3.212],[102.044,3.226],[102.039,3.229],[102.032,3.228],[102.028,3.232],[102.023,3.23],[102.019,3.231],[102.013,3.227],[102.009,3.227],[102.001,3.231],[101.993,3.238],[101.985,3.238],[101.975,3.246],[101.977,3.25],[101.978,3.254],[101.974,3.263],[101.973,3.274],[101.965,3.276],[101.957,3.273],[101.95,3.283],[101.939,3.29],[101.936,3.286],[101.933,3.275],[101.927,3.27],[101.923,3.269],[101.917,3.263],[101.913,3.265],[101.908,3.263],[101.906,3.268],[101.896,3.271],[101.892,3.271],[101.889,3.267],[101.884,3.266],[101.875,3.271],[101.874,3.275],[101.858,3.275],[101.853,3.28],[101.853,3.283],[101.848,3.29],[101.846,3.291],[101.838,3.292],[101.824,3.299],[101.806,3.32],[101.806,3.325],[101.801,3.328],[101.797,3.336],[101.787,3.339],[101.781,3.343],[101.779,3.346],[101.781,3.353],[101.777,3.362],[101.77,3.365],[101.757,3.375],[101.764,3.387],[101.762,3.4],[101.77,3.403],[101.778,3.409],[101.78,3.415],[101.788,3.422],[101.79,3.426],[101.783,3.432],[101.781,3.445],[101.777,3.454],[101.773,3.47],[101.765,3.479],[101.763,3.49],[101.76,3.495],[101.761,3.508],[101.764,3.514],[101.769,3.518],[101.78,3.543],[101.786,3.548],[101.79,3.548],[101.804,3.553],[101.808,3.574],[101.806,3.578],[101.807,3.587],[101.81,3.595],[101.813,3.598],[101.814,3.606],[101.81,3.608],[101.808,3.613],[101.799,3.618],[101.795,3.628],[101.786,3.633],[101.783,3.638],[101.784,3.646],[101.783,3.653],[101.778,3.656],[101.772,3.665],[101.767,3.668],[101.77,3.675],[101.767,3.68],[101.766,3.685],[101.755,3.688],[101.747,3.697],[101.74,3.701],[101.736,3.709],[101.737,3.713],[101.724,3.714],[101.719,3.71],[101.715,3.711],[101.709,3.714],[101.706,3.712],[101.701,3.713],[101.689,3.712],[101.686,3.713],[101.677,3.723],[101.671,3.724],[101.654,3.729],[101.651,3.738],[101.644,3.746],[101.642,3.752],[101.637,3.756],[101.627,3.771],[101.625,3.775],[101.627,3.779],[101.624,3.78],[101.624,3.783],[101.616,3.791],[101.613,3.796],[101.603,3.797],[101.593,3.803],[101.598,3.814],[101.598,3.825],[101.596,3.83],[101.591,3.836],[101.597,3.843],[101.602,3.844],[101.603,3.849],[101.599,3.857],[101.606,3.876],[101.601,3.883],[101.58,3.898],[101.577,3.905],[101.58,3.909],[101.573,3.916],[101.579,3.924],[101.575,3.93],[101.576,3.935],[101.572,3.944],[101.575,3.944],[101.578,3.947],[101.573,3.952],[101.579,3.958],[101.576,3.962],[101.577,3.965],[101.574,3.967],[101.575,3.981],[101.57,3.989],[101.573,4],[101.563,4.004],[101.562,4.01],[101.558,4.012],[101.555,4.028],[101.556,4.031],[101.562,4.035],[101.561,4.039],[101.565,4.044],[101.571,4.058],[101.576,4.063],[101.576,4.068],[101.581,4.074],[101.577,4.08],[101.578,4.086],[101.573,4.097],[101.568,4.096],[101.566,4.099],[101.563,4.099],[101.56,4.102],[101.559,4.108],[101.54,4.119],[101.538,4.122],[101.534,4.123],[101.533,4.126],[101.526,4.126],[101.518,4.119],[101.514,4.118],[101.512,4.125],[101.505,4.132],[101.502,4.152],[101.496,4.153],[101.494,4.161],[101.497,4.164],[101.495,4.17],[101.498,4.175],[101.496,4.185],[101.498,4.187],[101.502,4.188],[101.503,4.19],[101.505,4.198],[101.509,4.199],[101.507,4.206],[101.502,4.207],[101.496,4.206],[101.491,4.208],[101.49,4.211],[101.486,4.208],[101.476,4.21],[101.468,4.215],[101.462,4.213],[101.457,4.219],[101.453,4.22],[101.451,4.223],[101.451,4.239],[101.452,4.241],[101.461,4.246],[101.463,4.255],[101.455,4.26],[101.45,4.266],[101.445,4.269],[101.443,4.272],[101.447,4.285],[101.446,4.292],[101.45,4.301],[101.447,4.305],[101.448,4.312],[101.444,4.317],[101.442,4.33],[101.431,4.337],[101.424,4.339],[101.42,4.343],[101.422,4.348],[101.428,4.35],[101.433,4.355],[101.432,4.358],[101.434,4.361],[101.434,4.366],[101.437,4.372],[101.439,4.375],[101.443,4.377],[101.438,4.384],[101.437,4.389],[101.419,4.392],[101.41,4.39],[101.407,4.391],[101.407,4.395],[101.4,4.401],[101.396,4.401],[101.391,4.408],[101.386,4.406],[101.381,4.407],[101.37,4.403],[101.367,4.397],[101.357,4.395],[101.354,4.402],[101.355,4.406],[101.349,4.409],[101.348,4.411],[101.353,4.419],[101.352,4.426],[101.34,4.432],[101.333,4.43],[101.331,4.432],[101.331,4.446],[101.332,4.447],[101.335,4.446],[101.335,4.449],[101.338,4.451],[101.346,4.453],[101.353,4.459],[101.356,4.476],[101.366,4.485],[101.359,4.495],[101.367,4.498],[101.376,4.498],[101.38,4.504],[101.384,4.506],[101.382,4.517],[101.38,4.524],[101.372,4.529],[101.364,4.529],[101.357,4.54],[101.357,4.545],[101.354,4.548],[101.353,4.554],[101.355,4.563],[101.354,4.574],[101.349,4.592],[101.355,4.594],[101.36,4.601],[101.365,4.603],[101.366,4.607],[101.371,4.609],[101.373,4.614],[101.384,4.611],[101.398,4.615],[101.402,4.619],[101.407,4.615],[101.413,4.615],[101.416,4.609],[101.426,4.607],[101.433,4.596],[101.445,4.588],[101.448,4.578],[101.452,4.575],[101.461,4.575],[101.465,4.577],[101.471,4.574],[101.477,4.576],[101.476,4.583],[101.478,4.594],[101.481,4.601],[101.483,4.603],[101.49,4.6],[101.496,4.603],[101.502,4.614],[101.507,4.608],[101.509,4.609],[101.517,4.608],[101.52,4.613],[101.522,4.612],[101.525,4.607],[101.534,4.604],[101.544,4.594],[101.546,4.584],[101.55,4.577],[101.554,4.576],[101.559,4.579],[101.567,4.577],[101.575,4.571],[101.574,4.568],[101.578,4.565],[101.585,4.563],[101.585,4.557],[101.59,4.552],[101.592,4.557],[101.595,4.559],[101.612,4.561],[101.614,4.561],[101.618,4.55],[101.621,4.547],[101.624,4.547],[101.636,4.558],[101.641,4.559],[101.645,4.557],[101.652,4.557],[101.662,4.564],[101.668,4.572],[101.668,4.583],[101.673,4.594],[101.678,4.594],[101.69,4.6],[101.709,4.604],[101.712,4.608],[101.717,4.607],[101.721,4.61],[101.723,4.609],[101.726,4.612],[101.725,4.619],[101.728,4.622],[101.732,4.623],[101.741,4.614],[101.748,4.613],[101.752,4.61],[101.755,4.612],[101.752,4.621],[101.753,4.622],[101.758,4.625],[101.762,4.622],[101.764,4.623],[101.767,4.636],[101.768,4.654],[101.774,4.664],[101.773,4.673],[101.77,4.676],[101.769,4.679],[101.771,4.692],[101.77,4.696],[101.772,4.701],[101.775,4.704],[101.776,4.706],[101.773,4.71],[101.775,4.717],[101.773,4.725],[101.774,4.741],[101.777,4.753],[101.78,4.759],[101.796,4.757],[101.797,4.758],[101.796,4.762],[101.8,4.763],[101.805,4.76],[101.815,4.759],[101.816,4.755],[101.82,4.751],[101.819,4.726],[101.82,4.723],[101.824,4.718],[101.83,4.716],[101.836,4.721],[101.842,4.72],[101.846,4.705],[101.845,4.696],[101.847,4.687],[101.849,4.685],[101.854,4.685],[101.86,4.692],[101.862,4.693],[101.864,4.685],[101.868,4.679],[101.878,4.678],[101.884,4.675],[101.889,4.671],[101.887,4.665],[101.893,4.662],[101.892,4.655],[101.894,4.649],[101.89,4.643],[101.889,4.636],[101.893,4.628],[101.895,4.616],[101.897,4.613],[101.903,4.609],[101.912,4.611],[101.916,4.632],[101.922,4.642],[101.924,4.651],[101.927,4.657],[101.938,4.658],[101.943,4.666],[101.945,4.675],[101.943,4.681],[101.947,4.689],[101.952,4.713],[101.951,4.722],[101.952,4.733],[101.949,4.745],[101.95,4.753],[101.952,4.757],[101.964,4.764],[101.965,4.761],[101.968,4.76],[101.97,4.749],[101.973,4.749],[101.98,4.743],[101.983,4.743],[101.985,4.741],[101.986,4.745],[101.984,4.748],[101.988,4.752],[101.987,4.76],[101.99,4.759],[101.992,4.761],[101.995,4.759],[102.001,4.762],[102.002,4.759],[102.001,4.752],[102.004,4.747],[102.009,4.744],[102.014,4.736],[102.02,4.733],[102.022,4.74],[102.028,4.741],[102.031,4.739],[102.035,4.731],[102.037,4.73],[102.04,4.731],[102.042,4.73],[102.043,4.726],[102.046,4.727],[102.049,4.725],[102.051,4.728],[102.05,4.735],[102.057,4.742],[102.058,4.742],[102.062,4.739],[102.067,4.74],[102.081,4.747],[102.086,4.753],[102.089,4.753],[102.095,4.758],[102.112,4.762],[102.115,4.761],[102.12,4.749],[102.127,4.738],[102.123,4.722],[102.13,4.713],[102.141,4.706],[102.146,4.705],[102.16,4.693],[102.164,4.686],[102.17,4.682],[102.175,4.673],[102.175,4.666],[102.173,4.663],[102.175,4.658],[102.185,4.654],[102.192,4.648],[102.198,4.638],[102.203,4.635],[102.21,4.634],[102.218,4.629],[102.224,4.628],[102.229,4.633],[102.234,4.633],[102.23,4.647],[102.233,4.651],[102.235,4.65],[102.24,4.652],[102.249,4.656],[102.263,4.657],[102.271,4.663],[102.287,4.655],[102.299,4.646],[102.308,4.641],[102.314,4.64],[102.317,4.637],[102.323,4.639],[102.334,4.636],[102.338,4.642],[102.34,4.639],[102.345,4.64],[102.346,4.643],[102.344,4.646],[102.348,4.654],[102.365,4.667],[102.367,4.676],[102.372,4.681],[102.373,4.69],[102.363,4.696],[102.362,4.701],[102.367,4.708],[102.377,4.709],[102.381,4.712],[102.398,4.712],[102.403,4.711],[102.41,4.715],[102.421,4.713],[102.429,4.71],[102.437,4.712],[102.449,4.712],[102.46,4.704],[102.458,4.7],[102.482,4.685],[102.502,4.667],[102.506,4.669],[102.513,4.667],[102.519,4.674],[102.528,4.676],[102.531,4.683],[102.536,4.686],[102.543,4.694],[102.546,4.707],[102.549,4.709],[102.553,4.709],[102.571,4.69],[102.583,4.695],[102.59,4.689],[102.592,4.689],[102.597,4.686],[102.604,4.687],[102.603,4.695],[102.606,4.7],[102.603,4.716],[102.602,4.727],[102.6,4.733],[102.596,4.738],[102.599,4.741],[102.598,4.744],[102.6,4.747],[102.601,4.752],[102.606,4.754],[102.605,4.762],[102.601,4.768],[102.608,4.772],[102.609,4.777],[102.611,4.779],[102.629,4.771],[102.635,4.764],[102.646,4.761],[102.651,4.761],[102.662,4.755],[102.662,4.746],[102.668,4.737],[102.675,4.731],[102.683,4.715],[102.691,4.713],[102.699,4.715],[102.709,4.705],[102.714,4.695],[102.72,4.694],[102.732,4.684],[102.744,4.688],[102.746,4.684],[102.762,4.675],[102.767,4.673],[102.771,4.677],[102.777,4.67],[102.79,4.676],[102.806,4.677],[102.823,4.682],[102.83,4.68],[102.841,4.68],[102.841,4.671],[102.849,4.668],[102.856,4.658],[102.861,4.656],[102.861,4.652],[102.868,4.645],[102.871,4.637],[102.866,4.628],[102.877,4.618],[102.882,4.609],[102.878,4.605],[102.861,4.604],[102.859,4.601],[102.859,4.596],[102.87,4.589],[102.873,4.582],[102.868,4.576],[102.869,4.571],[102.865,4.562],[102.86,4.561],[102.852,4.563],[102.843,4.559],[102.84,4.559],[102.838,4.557],[102.84,4.553],[102.838,4.533],[102.841,4.53],[102.848,4.519],[102.846,4.503],[102.847,4.498],[102.849,4.496],[102.851,4.497],[102.852,4.493],[102.857,4.494],[102.865,4.487],[102.871,4.486],[102.876,4.483],[102.875,4.47],[102.88,4.464],[102.891,4.47],[102.9,4.467],[102.913,4.47],[102.915,4.464],[102.919,4.468],[102.93,4.468],[102.935,4.464],[102.937,4.459],[102.942,4.456],[102.944,4.451],[102.951,4.452],[102.956,4.456],[102.957,4.457],[102.954,4.469],[102.957,4.473],[102.963,4.471],[102.968,4.475],[102.969,4.478],[102.969,4.481],[102.973,4.481],[102.98,4.476],[102.979,4.471],[102.984,4.47],[102.984,4.467],[102.989,4.464],[102.989,4.455],[102.996,4.451],[103,4.451],[103.012,4.434],[103.011,4.42],[103.014,4.411],[103.019,4.408],[103.027,4.409],[103.028,4.406],[103.026,4.396],[103.02,4.393],[103.017,4.387],[103.011,4.386],[103.007,4.377],[103.009,4.374],[103.008,4.367],[103.01,4.354],[103.008,4.345],[103.011,4.341],[103.017,4.338],[103.018,4.335],[103.009,4.33],[103.002,4.332],[102.998,4.332],[102.993,4.335],[102.987,4.335],[102.983,4.337],[102.97,4.33],[102.96,4.319],[102.958,4.302],[102.955,4.29],[102.948,4.285],[102.942,4.288],[102.939,4.288],[102.931,4.279],[102.933,4.271],[102.93,4.266],[102.93,4.255],[102.935,4.245],[102.929,4.236],[102.922,4.233],[102.922,4.225],[102.92,4.221],[102.914,4.215],[102.914,4.208],[102.921,4.195],[102.922,4.183],[102.919,4.178],[102.922,4.158],[102.92,4.154],[102.903,4.147],[102.893,4.137],[102.893,4.133],[102.897,4.13],[102.908,4.113],[102.912,4.111],[102.919,4.102],[102.931,4.099]]]]}},{"type":"Feature","properties":{"id":"penang","name":"Pulau Pinang"},"geometry":{"type":"MultiPolygon","coordinates":[[[[100.537,5.267],[100.553,5.144],[100.543,5.138],[100.508,5.146],[100.498,5.141],[100.495,5.134],[100.407,5.123],[100.4,5.127],[100.411,5.155],[100.42,5.166],[100.426,5.169],[100.422,5.174],[100.421,5.173],[100.416,5.176],[100.421,5.189],[100.42,5.195],[100.423,5.208],[100.426,5.209],[100.429,5.207],[100.432,5.21],[100.426,5.213],[100.424,5.216],[100.424,5.227],[100.419,5.244],[100.411,5.261],[100.407,5.263],[100.405,5.265],[100.419,5.282],[100.41,5.313],[100.407,5.317],[100.404,5.317],[100.402,5.32],[100.405,5.339],[100.399,5.346],[100.389,5.353],[100.374,5.372],[100.369,5.372],[100.363,5.381],[100.367,5.382],[100.367,5.385],[100.363,5.399],[100.37,5.413],[100.377,5.43],[100.381,5.457],[100.38,5.478],[100.376,5.5],[100.375,5.523],[100.372,5.536],[100.358,5.561],[100.345,5.57],[100.336,5.573],[100.336,5.577],[100.339,5.579],[100.362,5.575],[100.366,5.578],[100.367,5.583],[100.369,5.586],[100.371,5.586],[100.376,5.581],[100.379,5.581],[100.383,5.586],[100.384,5.585],[100.386,5.579],[100.394,5.58],[100.408,5.573],[100.408,5.567],[100.422,5.563],[100.43,5.566],[100.433,5.56],[100.435,5.565],[100.443,5.567],[100.448,5.561],[100.449,5.565],[100.451,5.567],[100.458,5.563],[100.462,5.566],[100.468,5.565],[100.473,5.561],[100.475,5.563],[100.479,5.564],[100.485,5.56],[100.485,5.57],[100.491,5.566],[100.502,5.566],[100.507,5.558],[100.513,5.56],[100.522,5.557],[100.522,5.549],[100.524,5.55],[100.526,5.554],[100.529,5.556],[100.525,5.369],[100.537,5.267]]],[[[100.384,5.258],[100.384,5.262],[100.388,5.265],[100.389,5.269],[100.391,5.269],[100.391,5.263],[100.386,5.257],[100.384,5.258]]],[[[100.385,5.268],[100.384,5.274],[100.386,5.278],[100.385,5.28],[100.387,5.286],[100.388,5.271],[100.386,5.268],[100.385,5.268]]],[[[100.279,5.25],[100.278,5.245],[100.276,5.247],[100.273,5.246],[100.271,5.249],[100.273,5.25],[100.275,5.249],[100.279,5.251],[100.279,5.25]]],[[[100.186,5.314],[100.186,5.314],[100.187,5.314],[100.187,5.314],[100.186,5.314]]],[[[100.186,5.316],[100.186,5.315],[100.185,5.314],[100.184,5.315],[100.186,5.316]]],[[[100.327,5.336],[100.326,5.332],[100.33,5.328],[100.327,5.318],[100.316,5.314],[100.314,5.303],[100.31,5.302],[100.308,5.313],[100.311,5.317],[100.314,5.326],[100.323,5.337],[100.327,5.336]]],[[[100.188,5.477],[100.187,5.472],[100.192,5.471],[100.197,5.474],[100.2,5.469],[100.205,5.469],[100.204,5.464],[100.208,5.461],[100.212,5.461],[100.217,5.462],[100.224,5.467],[100.228,5.465],[100.231,5.466],[100.232,5.464],[100.237,5.465],[100.257,5.484],[100.258,5.483],[100.261,5.484],[100.264,5.48],[100.268,5.479],[100.271,5.48],[100.276,5.479],[100.279,5.475],[100.279,5.467],[100.293,5.469],[100.296,5.465],[100.301,5.466],[100.303,5.464],[100.31,5.464],[100.307,5.45],[100.308,5.44],[100.326,5.426],[100.331,5.424],[100.34,5.423],[100.346,5.42],[100.346,5.417],[100.345,5.418],[100.343,5.413],[100.342,5.413],[100.343,5.411],[100.339,5.409],[100.338,5.41],[100.334,5.404],[100.329,5.404],[100.328,5.402],[100.325,5.401],[100.318,5.395],[100.314,5.377],[100.316,5.362],[100.31,5.345],[100.309,5.345],[100.315,5.343],[100.306,5.324],[100.288,5.297],[100.286,5.298],[100.287,5.291],[100.293,5.286],[100.294,5.281],[100.285,5.27],[100.285,5.264],[100.286,5.262],[100.284,5.258],[100.277,5.259],[100.275,5.268],[100.272,5.27],[100.27,5.275],[100.265,5.279],[100.258,5.282],[100.255,5.28],[100.251,5.28],[100.249,5.276],[100.247,5.274],[100.242,5.282],[100.231,5.287],[100.225,5.286],[100.224,5.281],[100.218,5.283],[100.205,5.279],[100.198,5.282],[100.191,5.281],[100.187,5.275],[100.187,5.267],[100.184,5.27],[100.183,5.277],[100.18,5.279],[100.179,5.283],[100.186,5.296],[100.186,5.3],[100.184,5.305],[100.191,5.31],[100.196,5.308],[100.198,5.312],[100.194,5.335],[100.192,5.342],[100.192,5.349],[100.189,5.356],[100.188,5.378],[100.188,5.384],[100.189,5.383],[100.19,5.387],[100.19,5.394],[100.193,5.401],[100.197,5.422],[100.19,5.424],[100.19,5.431],[100.184,5.431],[100.178,5.434],[100.182,5.442],[100.179,5.445],[100.18,5.448],[100.184,5.45],[100.185,5.455],[100.182,5.461],[100.183,5.467],[100.178,5.468],[100.176,5.472],[100.177,5.476],[100.179,5.478],[100.186,5.479],[100.188,5.477]]]]}},{"type":"Feature","properties":{"id":"sarawak","name":"Sarawak"},"geometry":{"type":"MultiPolygon","coordinates":[[[[110.757,1.552],[110.76,1.556],[110.762,1.567],[110.771,1.57],[110.771,1.573],[110.778,1.579],[110.783,1.579],[110.818,1.569],[110.821,1.564],[110.831,1.558],[110.848,1.552],[110.862,1.544],[110.866,1.537],[110.877,1.532],[110.886,1.531],[110.891,1.528],[110.897,1.529],[110.909,1.526],[110.931,1.524],[110.947,1.515],[110.976,1.525],[110.991,1.535],[110.996,1.545],[110.99,1.57],[111.004,1.606],[111.005,1.618],[111.012,1.645],[111.02,1.655],[111.022,1.66],[111.038,1.677],[111.046,1.68],[111.052,1.68],[111.056,1.678],[111.068,1.721],[111.085,1.756],[111.088,1.766],[111.101,1.779],[111.103,1.799],[111.101,1.809],[111.102,1.82],[111.135,1.891],[111.144,1.908],[111.149,1.913],[111.168,1.95],[111.17,1.955],[111.17,1.988],[111.172,1.999],[111.181,2.014],[111.182,2.025],[111.189,2.033],[111.191,2.045],[111.209,2.094],[111.212,2.097],[111.221,2.083],[111.23,2.075],[111.253,2.065],[111.25,2.073],[111.229,2.084],[111.223,2.092],[111.225,2.098],[111.232,2.104],[111.231,2.109],[111.234,2.117],[111.24,2.118],[111.237,2.123],[111.246,2.134],[111.261,2.131],[111.275,2.126],[111.286,2.118],[111.292,2.112],[111.313,2.102],[111.323,2.1],[111.34,2.106],[111.347,2.104],[111.346,2.108],[111.352,2.119],[111.354,2.134],[111.357,2.135],[111.355,2.138],[111.355,2.149],[111.357,2.155],[111.364,2.155],[111.377,2.144],[111.381,2.148],[111.376,2.159],[111.371,2.163],[111.372,2.169],[111.347,2.162],[111.339,2.152],[111.337,2.145],[111.338,2.129],[111.337,2.123],[111.333,2.119],[111.329,2.118],[111.321,2.122],[111.312,2.13],[111.295,2.141],[111.276,2.143],[111.254,2.151],[111.241,2.153],[111.229,2.148],[111.219,2.15],[111.209,2.146],[111.207,2.149],[111.201,2.143],[111.184,2.139],[111.174,2.143],[111.167,2.154],[111.164,2.155],[111.15,2.167],[111.149,2.172],[111.149,2.183],[111.151,2.191],[111.175,2.23],[111.171,2.242],[111.171,2.26],[111.181,2.301],[111.175,2.356],[111.19,2.398],[111.238,2.442],[111.253,2.448],[111.262,2.439],[111.284,2.425],[111.332,2.405],[111.284,2.425],[111.3,2.508],[111.282,2.637],[111.28,2.682],[111.282,2.724],[111.286,2.75],[111.295,2.766],[111.304,2.783],[111.322,2.802],[111.334,2.806],[111.348,2.799],[111.38,2.77],[111.409,2.768],[111.408,2.709],[111.406,2.7],[111.409,2.697],[111.435,2.701],[111.458,2.708],[111.47,2.715],[111.483,2.728],[111.486,2.737],[111.495,2.744],[111.518,2.751],[111.589,2.789],[111.61,2.804],[111.632,2.83],[111.633,2.834],[111.631,2.844],[111.632,2.845],[111.643,2.844],[111.646,2.837],[111.708,2.846],[111.733,2.852],[111.755,2.855],[111.793,2.862],[111.807,2.861],[111.812,2.863],[111.831,2.864],[111.853,2.868],[111.866,2.868],[111.87,2.867],[111.876,2.86],[111.882,2.864],[111.913,2.866],[111.952,2.874],[111.968,2.875],[112.015,2.887],[112.021,2.89],[112.099,2.906],[112.174,2.924],[112.269,2.953],[112.318,2.964],[112.386,2.976],[112.456,2.993],[112.483,2.998],[112.554,3.022],[112.568,3.024],[112.574,3.024],[112.579,3.018],[112.58,3.008],[112.582,3.008],[112.586,3.011],[112.586,3.03],[112.598,3.036],[112.616,3.038],[112.636,3.043],[112.648,3.048],[112.652,3.048],[112.691,3.067],[112.712,3.07],[112.771,3.089],[112.796,3.091],[112.854,3.101],[112.87,3.107],[112.875,3.107],[112.887,3.113],[112.905,3.116],[112.928,3.122],[112.965,3.137],[112.987,3.149],[113.019,3.178],[113.025,3.187],[113.026,3.191],[113.039,3.203],[113.036,3.21],[113.066,3.24],[113.071,3.249],[113.073,3.254],[113.066,3.256],[113.063,3.255],[113.062,3.258],[113.064,3.26],[113.072,3.259],[113.072,3.266],[113.063,3.265],[113.063,3.263],[113.062,3.268],[113.059,3.269],[113.056,3.269],[113.056,3.267],[113.054,3.266],[113.056,3.269],[113.052,3.269],[113.047,3.265],[113.048,3.267],[113.059,3.275],[113.06,3.28],[113.095,3.302],[113.14,3.339],[113.141,3.344],[113.151,3.35],[113.148,3.351],[113.148,3.356],[113.153,3.366],[113.157,3.369],[113.158,3.379],[113.161,3.382],[113.161,3.385],[113.165,3.387],[113.163,3.391],[113.164,3.394],[113.17,3.399],[113.171,3.404],[113.179,3.409],[113.188,3.419],[113.197,3.426],[113.203,3.427],[113.206,3.433],[113.21,3.435],[113.221,3.443],[113.235,3.457],[113.265,3.481],[113.276,3.492],[113.285,3.508],[113.295,3.52],[113.297,3.521],[113.295,3.526],[113.295,3.531],[113.292,3.533],[113.287,3.541],[113.289,3.545],[113.291,3.551],[113.297,3.556],[113.3,3.563],[113.308,3.567],[113.319,3.575],[113.322,3.582],[113.327,3.585],[113.33,3.594],[113.332,3.595],[113.336,3.593],[113.35,3.605],[113.359,3.619],[113.367,3.626],[113.368,3.631],[113.366,3.634],[113.367,3.639],[113.381,3.652],[113.398,3.681],[113.405,3.688],[113.414,3.7],[113.421,3.717],[113.425,3.715],[113.428,3.727],[113.423,3.733],[113.422,3.736],[113.436,3.758],[113.47,3.783],[113.531,3.82],[113.565,3.845],[113.663,3.926],[113.683,3.945],[113.708,3.972],[113.702,3.962],[113.7,3.959],[113.701,3.959],[113.711,3.973],[113.711,3.978],[113.721,3.989],[113.727,3.991],[113.727,3.994],[113.767,4.035],[113.782,4.055],[113.784,4.058],[113.784,4.062],[113.8,4.088],[113.802,4.097],[113.817,4.121],[113.862,4.17],[113.902,4.22],[113.922,4.248],[113.925,4.249],[113.925,4.251],[113.952,4.294],[113.966,4.327],[113.97,4.337],[113.972,4.35],[113.968,4.355],[113.964,4.355],[113.961,4.359],[113.961,4.363],[113.964,4.364],[113.972,4.378],[113.973,4.382],[113.968,4.383],[113.969,4.387],[113.972,4.389],[113.975,4.389],[113.979,4.395],[113.976,4.401],[113.986,4.403],[113.995,4.431],[113.998,4.45],[113.999,4.47],[113.997,4.491],[113.993,4.496],[113.983,4.527],[113.981,4.541],[113.97,4.569],[113.964,4.581],[113.965,4.583],[113.971,4.588],[113.975,4.588],[113.971,4.599],[114.006,4.591],[114.076,4.588],[114.076,4.582],[114.099,4.581],[114.103,4.576],[114.159,4.569],[114.171,4.559],[114.192,4.528],[114.205,4.533],[114.219,4.527],[114.248,4.505],[114.263,4.483],[114.303,4.409],[114.306,4.357],[114.315,4.353],[114.329,4.342],[114.33,4.337],[114.324,4.319],[114.316,4.264],[114.324,4.257],[114.348,4.259],[114.365,4.255],[114.371,4.263],[114.383,4.265],[114.397,4.261],[114.402,4.263],[114.409,4.257],[114.419,4.253],[114.424,4.258],[114.428,4.266],[114.43,4.267],[114.435,4.275],[114.439,4.273],[114.44,4.277],[114.442,4.279],[114.451,4.279],[114.453,4.27],[114.456,4.268],[114.457,4.264],[114.457,4.255],[114.453,4.244],[114.461,4.23],[114.46,4.22],[114.464,4.213],[114.465,4.209],[114.473,4.199],[114.485,4.166],[114.492,4.158],[114.498,4.146],[114.501,4.143],[114.504,4.143],[114.517,4.147],[114.534,4.13],[114.544,4.128],[114.549,4.116],[114.545,4.104],[114.551,4.103],[114.552,4.099],[114.556,4.095],[114.553,4.085],[114.555,4.082],[114.566,4.079],[114.569,4.077],[114.579,4.064],[114.584,4.05],[114.59,4.047],[114.601,4.048],[114.614,4.045],[114.627,4.032],[114.628,4.028],[114.625,4.017],[114.61,4.005],[114.612,4.002],[114.628,4.003],[114.639,4.006],[114.649,4.006],[114.686,4.022],[114.698,4.029],[114.72,4.045],[114.757,4.095],[114.774,4.111],[114.778,4.119],[114.793,4.125],[114.793,4.132],[114.801,4.139],[114.803,4.145],[114.808,4.149],[114.809,4.158],[114.807,4.161],[114.805,4.161],[114.795,4.158],[114.793,4.16],[114.794,4.164],[114.798,4.169],[114.801,4.179],[114.805,4.184],[114.806,4.189],[114.832,4.22],[114.833,4.226],[114.837,4.23],[114.852,4.26],[114.858,4.27],[114.857,4.278],[114.849,4.276],[114.836,4.261],[114.828,4.26],[114.819,4.251],[114.814,4.253],[114.814,4.257],[114.841,4.293],[114.855,4.317],[114.869,4.336],[114.876,4.358],[114.88,4.384],[114.878,4.395],[114.882,4.402],[114.884,4.421],[114.879,4.426],[114.863,4.421],[114.857,4.423],[114.847,4.421],[114.835,4.426],[114.831,4.429],[114.829,4.433],[114.818,4.484],[114.819,4.545],[114.817,4.573],[114.818,4.584],[114.816,4.595],[114.812,4.596],[114.809,4.601],[114.809,4.616],[114.807,4.622],[114.808,4.63],[114.8,4.637],[114.799,4.662],[114.802,4.678],[114.798,4.681],[114.792,4.676],[114.79,4.68],[114.787,4.682],[114.786,4.69],[114.783,4.692],[114.779,4.691],[114.777,4.696],[114.778,4.702],[114.781,4.702],[114.784,4.705],[114.785,4.712],[114.784,4.718],[114.777,4.723],[114.778,4.731],[114.779,4.732],[114.783,4.73],[114.787,4.732],[114.789,4.737],[114.791,4.738],[114.823,4.744],[114.829,4.747],[114.846,4.784],[114.851,4.792],[114.862,4.799],[114.873,4.802],[114.897,4.816],[114.911,4.813],[114.919,4.81],[114.934,4.814],[114.945,4.812],[114.96,4.812],[114.971,4.808],[114.988,4.839],[114.983,4.847],[114.984,4.85],[114.993,4.856],[114.988,4.87],[114.998,4.882],[115.021,4.897],[115.03,4.896],[115.031,4.885],[115.033,4.879],[115.037,4.876],[115.046,4.877],[115.057,4.882],[115.062,4.888],[115.066,4.889],[115.069,4.882],[115.068,4.873],[115.061,4.863],[115.049,4.854],[115.037,4.836],[115.033,4.818],[115.033,4.805],[115.036,4.797],[115.044,4.793],[115.051,4.794],[115.054,4.792],[115.054,4.787],[115.043,4.778],[115.033,4.773],[115.031,4.768],[115.033,4.761],[115.032,4.753],[115.022,4.749],[115.024,4.746],[115.029,4.749],[115.031,4.747],[115.031,4.745],[115.025,4.744],[115.027,4.739],[115.025,4.735],[115.033,4.731],[115.033,4.738],[115.037,4.733],[115.043,4.731],[115.04,4.727],[115.033,4.723],[115.042,4.717],[115.041,4.714],[115.036,4.716],[115.033,4.713],[115.033,4.712],[115.038,4.712],[115.038,4.711],[115.035,4.71],[115.039,4.706],[115.035,4.705],[115.033,4.708],[115.029,4.7],[115.03,4.698],[115.032,4.699],[115.04,4.694],[115.039,4.692],[115.033,4.694],[115.037,4.685],[115.041,4.684],[115.041,4.679],[115.043,4.677],[115.041,4.672],[115.047,4.668],[115.039,4.667],[115.041,4.664],[115.039,4.66],[115.044,4.658],[115.041,4.656],[115.042,4.653],[115.048,4.655],[115.047,4.651],[115.051,4.651],[115.05,4.647],[115.045,4.646],[115.044,4.644],[115.047,4.644],[115.047,4.641],[115.043,4.641],[115.043,4.639],[115.041,4.636],[115.042,4.635],[115.039,4.633],[115.042,4.629],[115.045,4.628],[115.043,4.626],[115.044,4.623],[115.041,4.62],[115.047,4.617],[115.045,4.614],[115.048,4.613],[115.048,4.61],[115.049,4.611],[115.049,4.609],[115.051,4.608],[115.051,4.606],[115.055,4.601],[115.054,4.598],[115.056,4.599],[115.056,4.594],[115.06,4.596],[115.063,4.594],[115.065,4.581],[115.071,4.577],[115.07,4.573],[115.067,4.572],[115.07,4.572],[115.073,4.565],[115.075,4.564],[115.073,4.559],[115.073,4.556],[115.071,4.557],[115.07,4.556],[115.073,4.554],[115.075,4.548],[115.074,4.545],[115.076,4.544],[115.078,4.546],[115.078,4.542],[115.081,4.541],[115.081,4.538],[115.086,4.532],[115.084,4.522],[115.082,4.523],[115.081,4.519],[115.083,4.512],[115.08,4.509],[115.082,4.508],[115.08,4.506],[115.083,4.507],[115.087,4.502],[115.09,4.503],[115.089,4.499],[115.092,4.496],[115.09,4.492],[115.095,4.492],[115.092,4.48],[115.094,4.478],[115.091,4.476],[115.094,4.476],[115.095,4.474],[115.097,4.475],[115.097,4.47],[115.099,4.47],[115.097,4.467],[115.097,4.459],[115.099,4.458],[115.097,4.457],[115.098,4.454],[115.094,4.454],[115.095,4.447],[115.093,4.448],[115.095,4.444],[115.093,4.443],[115.093,4.441],[115.097,4.44],[115.098,4.438],[115.092,4.438],[115.091,4.434],[115.093,4.433],[115.094,4.43],[115.095,4.432],[115.097,4.427],[115.1,4.426],[115.1,4.422],[115.102,4.422],[115.105,4.414],[115.101,4.407],[115.103,4.405],[115.094,4.395],[115.095,4.392],[115.092,4.392],[115.091,4.389],[115.093,4.385],[115.103,4.383],[115.105,4.379],[115.108,4.378],[115.11,4.373],[115.107,4.373],[115.107,4.372],[115.109,4.371],[115.115,4.371],[115.12,4.37],[115.118,4.372],[115.137,4.374],[115.138,4.376],[115.147,4.378],[115.146,4.382],[115.148,4.384],[115.156,4.382],[115.159,4.375],[115.174,4.369],[115.178,4.369],[115.186,4.371],[115.216,4.363],[115.239,4.366],[115.253,4.331],[115.268,4.337],[115.295,4.337],[115.295,4.329],[115.294,4.325],[115.311,4.307],[115.323,4.296],[115.332,4.3],[115.337,4.303],[115.337,4.305],[115.343,4.308],[115.345,4.313],[115.352,4.317],[115.354,4.323],[115.357,4.323],[115.356,4.327],[115.36,4.33],[115.361,4.334],[115.332,4.383],[115.308,4.396],[115.275,4.443],[115.273,4.456],[115.278,4.488],[115.265,4.518],[115.263,4.543],[115.27,4.566],[115.29,4.607],[115.29,4.615],[115.285,4.621],[115.286,4.633],[115.281,4.636],[115.282,4.637],[115.28,4.641],[115.27,4.646],[115.266,4.651],[115.26,4.651],[115.255,4.65],[115.257,4.655],[115.262,4.66],[115.266,4.668],[115.269,4.684],[115.259,4.692],[115.251,4.693],[115.249,4.696],[115.244,4.7],[115.255,4.713],[115.26,4.727],[115.258,4.728],[115.257,4.732],[115.25,4.735],[115.248,4.739],[115.243,4.739],[115.243,4.743],[115.24,4.75],[115.229,4.755],[115.235,4.781],[115.234,4.785],[115.237,4.788],[115.239,4.802],[115.19,4.841],[115.188,4.847],[115.185,4.85],[115.185,4.853],[115.181,4.858],[115.185,4.86],[115.187,4.865],[115.186,4.867],[115.177,4.868],[115.173,4.866],[115.17,4.873],[115.167,4.874],[115.158,4.87],[115.151,4.874],[115.151,4.878],[115.154,4.881],[115.153,4.885],[115.156,4.887],[115.159,4.886],[115.16,4.887],[115.159,4.895],[115.156,4.9],[115.157,4.906],[115.155,4.913],[115.167,4.916],[115.181,4.926],[115.188,4.924],[115.188,4.926],[115.194,4.929],[115.197,4.941],[115.194,4.951],[115.189,4.958],[115.19,4.96],[115.197,4.966],[115.2,4.965],[115.203,4.961],[115.203,4.963],[115.206,4.964],[115.21,4.962],[115.218,4.962],[115.22,4.96],[115.222,4.966],[115.224,4.967],[115.236,4.952],[115.237,4.947],[115.24,4.944],[115.238,4.935],[115.241,4.929],[115.243,4.93],[115.243,4.925],[115.245,4.927],[115.244,4.922],[115.247,4.915],[115.255,4.918],[115.267,4.916],[115.272,4.911],[115.277,4.914],[115.288,4.913],[115.293,4.91],[115.292,4.904],[115.296,4.906],[115.299,4.909],[115.312,4.898],[115.311,4.896],[115.319,4.893],[115.323,4.891],[115.337,4.893],[115.342,4.893],[115.354,4.896],[115.355,4.897],[115.357,4.896],[115.369,4.901],[115.372,4.904],[115.377,4.903],[115.38,4.908],[115.382,4.907],[115.383,4.91],[115.386,4.909],[115.386,4.912],[115.391,4.915],[115.389,4.916],[115.389,4.918],[115.391,4.924],[115.395,4.925],[115.396,4.931],[115.395,4.933],[115.39,4.936],[115.389,4.941],[115.395,4.945],[115.397,4.94],[115.404,4.941],[115.404,4.943],[115.409,4.952],[115.412,4.953],[115.412,4.969],[115.422,4.977],[115.428,4.975],[115.438,4.979],[115.441,4.978],[115.439,4.974],[115.439,4.968],[115.447,4.962],[115.492,4.955],[115.557,4.982],[115.562,4.99],[115.565,4.992],[115.568,4.985],[115.573,4.984],[115.579,4.987],[115.586,4.977],[115.603,4.967],[115.608,4.958],[115.61,4.948],[115.609,4.937],[115.61,4.921],[115.618,4.911],[115.623,4.893],[115.625,4.86],[115.639,4.844],[115.639,4.819],[115.642,4.81],[115.641,4.798],[115.643,4.788],[115.641,4.771],[115.639,4.769],[115.625,4.766],[115.621,4.762],[115.614,4.744],[115.603,4.728],[115.603,4.719],[115.6,4.715],[115.598,4.703],[115.587,4.68],[115.563,4.654],[115.556,4.649],[115.549,4.639],[115.539,4.618],[115.534,4.61],[115.53,4.598],[115.534,4.591],[115.546,4.576],[115.554,4.571],[115.554,4.563],[115.55,4.555],[115.552,4.544],[115.559,4.535],[115.56,4.529],[115.565,4.519],[115.561,4.511],[115.563,4.5],[115.546,4.488],[115.546,4.481],[115.558,4.466],[115.564,4.453],[115.566,4.447],[115.572,4.444],[115.58,4.423],[115.581,4.41],[115.575,4.392],[115.572,4.372],[115.577,4.365],[115.594,4.361],[115.593,4.353],[115.596,4.347],[115.603,4.345],[115.608,4.347],[115.614,4.352],[115.619,4.353],[115.621,4.349],[115.632,4.345],[115.643,4.343],[115.652,4.333],[115.652,4.319],[115.656,4.302],[115.651,4.294],[115.651,4.281],[115.634,4.258],[115.622,4.245],[115.627,4.236],[115.625,4.219],[115.626,4.204],[115.625,4.197],[115.617,4.185],[115.614,4.171],[115.623,4.167],[115.625,4.158],[115.634,4.149],[115.634,4.141],[115.63,4.133],[115.635,4.127],[115.646,4.126],[115.662,4.12],[115.665,4.114],[115.671,4.094],[115.669,4.078],[115.666,4.072],[115.666,4.056],[115.66,4.048],[115.661,4.042],[115.659,4.041],[115.653,4.034],[115.652,4.022],[115.649,4.005],[115.648,3.985],[115.638,3.958],[115.63,3.952],[115.627,3.953],[115.626,3.945],[115.617,3.937],[115.606,3.939],[115.6,3.939],[115.589,3.943],[115.579,3.939],[115.578,3.935],[115.566,3.919],[115.559,3.917],[115.556,3.919],[115.565,3.908],[115.574,3.901],[115.576,3.894],[115.581,3.887],[115.587,3.885],[115.592,3.89],[115.596,3.89],[115.595,3.885],[115.597,3.879],[115.603,3.875],[115.605,3.875],[115.609,3.878],[115.617,3.875],[115.617,3.858],[115.614,3.847],[115.616,3.843],[115.616,3.838],[115.612,3.823],[115.606,3.813],[115.602,3.8],[115.589,3.779],[115.592,3.769],[115.586,3.763],[115.586,3.757],[115.578,3.749],[115.577,3.743],[115.581,3.728],[115.574,3.722],[115.574,3.719],[115.581,3.709],[115.582,3.698],[115.571,3.681],[115.574,3.669],[115.571,3.65],[115.581,3.635],[115.576,3.626],[115.578,3.622],[115.577,3.609],[115.58,3.595],[115.586,3.59],[115.591,3.577],[115.596,3.576],[115.602,3.578],[115.603,3.576],[115.604,3.569],[115.612,3.55],[115.613,3.543],[115.612,3.534],[115.609,3.527],[115.61,3.51],[115.614,3.504],[115.617,3.503],[115.625,3.491],[115.625,3.486],[115.629,3.477],[115.633,3.477],[115.635,3.475],[115.632,3.467],[115.638,3.46],[115.637,3.456],[115.643,3.45],[115.649,3.449],[115.657,3.439],[115.651,3.436],[115.649,3.428],[115.644,3.425],[115.641,3.425],[115.641,3.42],[115.632,3.413],[115.624,3.408],[115.621,3.413],[115.621,3.419],[115.616,3.422],[115.614,3.437],[115.609,3.447],[115.6,3.443],[115.598,3.443],[115.596,3.446],[115.584,3.448],[115.578,3.432],[115.58,3.429],[115.579,3.418],[115.572,3.415],[115.572,3.411],[115.569,3.407],[115.565,3.406],[115.563,3.402],[115.563,3.397],[115.556,3.392],[115.559,3.389],[115.556,3.381],[115.549,3.375],[115.544,3.364],[115.545,3.342],[115.548,3.335],[115.548,3.328],[115.546,3.328],[115.54,3.32],[115.533,3.319],[115.531,3.309],[115.533,3.305],[115.531,3.299],[115.537,3.287],[115.537,3.284],[115.53,3.279],[115.527,3.272],[115.523,3.25],[115.524,3.241],[115.531,3.24],[115.53,3.237],[115.532,3.237],[115.532,3.231],[115.534,3.23],[115.533,3.226],[115.517,3.225],[115.517,3.216],[115.52,3.212],[115.518,3.208],[115.518,3.202],[115.519,3.195],[115.523,3.188],[115.529,3.183],[115.534,3.184],[115.543,3.181],[115.553,3.173],[115.562,3.17],[115.565,3.163],[115.562,3.161],[115.561,3.157],[115.562,3.15],[115.554,3.147],[115.552,3.142],[115.544,3.141],[115.537,3.144],[115.534,3.141],[115.532,3.137],[115.526,3.117],[115.52,3.114],[115.516,3.11],[115.514,3.106],[115.515,3.102],[115.511,3.091],[115.513,3.088],[115.513,3.076],[115.517,3.069],[115.515,3.056],[115.499,3.033],[115.482,3.019],[115.473,3.021],[115.464,3.026],[115.452,3.027],[115.439,3.02],[115.437,3.014],[115.433,3.014],[115.428,3.016],[115.415,2.997],[115.41,2.994],[115.406,2.988],[115.393,2.98],[115.384,2.982],[115.379,2.986],[115.371,2.981],[115.363,2.983],[115.349,2.98],[115.347,2.977],[115.329,2.977],[115.328,2.977],[115.324,2.981],[115.326,2.995],[115.321,3.001],[115.322,3.012],[115.317,3.017],[115.308,3.019],[115.305,3.032],[115.301,3.034],[115.3,3.038],[115.284,3.047],[115.282,3.045],[115.283,3.04],[115.278,3.033],[115.277,3.026],[115.271,3.018],[115.265,3.015],[115.264,3.008],[115.254,2.999],[115.252,2.994],[115.253,2.991],[115.253,2.984],[115.25,2.981],[115.246,2.981],[115.25,2.972],[115.25,2.966],[115.238,2.962],[115.237,2.96],[115.226,2.959],[115.222,2.962],[115.211,2.958],[115.188,2.932],[115.17,2.93],[115.167,2.927],[115.163,2.927],[115.155,2.918],[115.148,2.908],[115.149,2.903],[115.14,2.902],[115.141,2.896],[115.138,2.891],[115.14,2.881],[115.139,2.872],[115.134,2.871],[115.129,2.868],[115.125,2.856],[115.116,2.852],[115.112,2.845],[115.106,2.838],[115.089,2.833],[115.078,2.825],[115.073,2.813],[115.08,2.818],[115.084,2.817],[115.082,2.816],[115.091,2.819],[115.099,2.817],[115.122,2.802],[115.126,2.8],[115.13,2.8],[115.134,2.802],[115.14,2.804],[115.149,2.795],[115.156,2.785],[115.141,2.774],[115.139,2.76],[115.142,2.751],[115.14,2.742],[115.118,2.725],[115.105,2.716],[115.1,2.716],[115.099,2.705],[115.092,2.695],[115.096,2.692],[115.101,2.691],[115.106,2.685],[115.111,2.687],[115.112,2.682],[115.107,2.677],[115.106,2.675],[115.112,2.666],[115.115,2.65],[115.118,2.647],[115.109,2.643],[115.108,2.639],[115.109,2.635],[115.107,2.632],[115.099,2.624],[115.094,2.62],[115.088,2.62],[115.085,2.612],[115.087,2.604],[115.103,2.598],[115.105,2.584],[115.11,2.581],[115.119,2.586],[115.13,2.584],[115.134,2.595],[115.14,2.601],[115.146,2.604],[115.154,2.603],[115.162,2.609],[115.165,2.608],[115.165,2.607],[115.173,2.606],[115.175,2.596],[115.181,2.593],[115.186,2.588],[115.186,2.579],[115.194,2.577],[115.198,2.571],[115.202,2.571],[115.204,2.566],[115.207,2.564],[115.21,2.556],[115.207,2.553],[115.206,2.55],[115.211,2.542],[115.226,2.534],[115.234,2.537],[115.207,2.48],[115.201,2.479],[115.193,2.47],[115.187,2.476],[115.177,2.479],[115.162,2.479],[115.154,2.476],[115.141,2.478],[115.138,2.477],[115.129,2.469],[115.123,2.458],[115.118,2.455],[115.11,2.457],[115.107,2.446],[115.099,2.442],[115.097,2.433],[115.092,2.427],[115.094,2.409],[115.087,2.405],[115.067,2.41],[115.061,2.408],[115.056,2.41],[115.045,2.408],[115.043,2.397],[115.047,2.389],[115.043,2.388],[115.039,2.394],[115.036,2.393],[115.032,2.394],[115.031,2.385],[115.025,2.382],[115.022,2.37],[115.016,2.368],[115.008,2.368],[115.002,2.362],[115.002,2.359],[114.998,2.353],[114.993,2.349],[114.989,2.349],[114.974,2.362],[114.972,2.367],[114.964,2.369],[114.964,2.367],[114.958,2.367],[114.958,2.36],[114.952,2.353],[114.951,2.342],[114.945,2.326],[114.948,2.312],[114.964,2.298],[114.966,2.296],[114.964,2.291],[114.953,2.281],[114.945,2.283],[114.936,2.282],[114.932,2.274],[114.929,2.273],[114.916,2.26],[114.909,2.256],[114.905,2.257],[114.901,2.262],[114.903,2.279],[114.9,2.277],[114.899,2.268],[114.889,2.264],[114.88,2.264],[114.872,2.267],[114.85,2.262],[114.847,2.263],[114.843,2.261],[114.841,2.264],[114.83,2.268],[114.817,2.269],[114.814,2.268],[114.808,2.257],[114.803,2.253],[114.8,2.249],[114.805,2.245],[114.805,2.241],[114.793,2.226],[114.792,2.206],[114.782,2.197],[114.782,2.194],[114.786,2.185],[114.784,2.149],[114.786,2.134],[114.812,2.104],[114.811,2.1],[114.797,2.091],[114.796,2.086],[114.793,2.085],[114.803,2.079],[114.807,2.071],[114.808,2.064],[114.795,2.061],[114.796,2.049],[114.81,2.024],[114.851,2.045],[114.868,2.043],[114.885,2.037],[114.887,2.031],[114.879,2.017],[114.868,1.986],[114.859,1.979],[114.849,1.964],[114.85,1.948],[114.869,1.928],[114.877,1.919],[114.879,1.915],[114.864,1.902],[114.852,1.895],[114.828,1.894],[114.813,1.88],[114.804,1.874],[114.797,1.854],[114.787,1.849],[114.772,1.851],[114.752,1.864],[114.733,1.861],[114.719,1.857],[114.725,1.843],[114.725,1.835],[114.724,1.831],[114.69,1.808],[114.708,1.792],[114.713,1.77],[114.71,1.756],[114.717,1.734],[114.717,1.717],[114.712,1.706],[114.715,1.686],[114.697,1.646],[114.687,1.629],[114.673,1.613],[114.642,1.582],[114.612,1.579],[114.61,1.558],[114.603,1.539],[114.604,1.528],[114.611,1.523],[114.615,1.513],[114.608,1.503],[114.606,1.493],[114.6,1.484],[114.593,1.479],[114.59,1.463],[114.583,1.445],[114.572,1.439],[114.569,1.432],[114.564,1.43],[114.559,1.435],[114.554,1.434],[114.55,1.436],[114.537,1.438],[114.533,1.441],[114.526,1.443],[114.509,1.463],[114.499,1.464],[114.492,1.467],[114.489,1.47],[114.472,1.476],[114.464,1.484],[114.458,1.487],[114.455,1.485],[114.446,1.493],[114.428,1.503],[114.422,1.51],[114.414,1.512],[114.413,1.517],[114.408,1.523],[114.402,1.521],[114.392,1.52],[114.385,1.517],[114.389,1.514],[114.387,1.509],[114.387,1.503],[114.379,1.493],[114.368,1.493],[114.364,1.489],[114.354,1.49],[114.35,1.488],[114.338,1.487],[114.331,1.483],[114.331,1.481],[114.325,1.476],[114.32,1.476],[114.317,1.473],[114.315,1.474],[114.307,1.471],[114.3,1.458],[114.269,1.45],[114.265,1.452],[114.26,1.451],[114.249,1.454],[114.243,1.448],[114.24,1.45],[114.238,1.447],[114.237,1.439],[114.223,1.426],[114.223,1.418],[114.221,1.416],[114.22,1.417],[114.22,1.415],[114.211,1.411],[114.205,1.41],[114.202,1.418],[114.202,1.421],[114.195,1.423],[114.192,1.426],[114.191,1.429],[114.185,1.43],[114.17,1.44],[114.162,1.442],[114.159,1.442],[114.156,1.452],[114.15,1.454],[114.149,1.462],[114.143,1.466],[114.136,1.466],[114.134,1.464],[114.121,1.464],[114.115,1.455],[114.106,1.456],[114.101,1.463],[114.096,1.467],[114.086,1.464],[114.078,1.466],[114.069,1.463],[114.063,1.46],[114.062,1.461],[114.058,1.458],[114.052,1.458],[114.048,1.453],[114.045,1.452],[114.04,1.452],[114.038,1.454],[114.032,1.451],[114.026,1.453],[114.018,1.449],[114.013,1.449],[114.009,1.451],[113.996,1.444],[113.984,1.449],[113.975,1.45],[113.969,1.446],[113.967,1.442],[113.964,1.444],[113.959,1.444],[113.951,1.44],[113.951,1.438],[113.947,1.437],[113.944,1.434],[113.936,1.417],[113.93,1.417],[113.925,1.412],[113.918,1.411],[113.913,1.415],[113.902,1.406],[113.894,1.403],[113.887,1.404],[113.879,1.396],[113.876,1.39],[113.868,1.388],[113.851,1.389],[113.848,1.383],[113.841,1.38],[113.837,1.381],[113.829,1.376],[113.823,1.374],[113.815,1.367],[113.825,1.357],[113.83,1.354],[113.828,1.344],[113.829,1.334],[113.825,1.33],[113.824,1.325],[113.818,1.322],[113.817,1.315],[113.805,1.308],[113.804,1.304],[113.801,1.3],[113.79,1.298],[113.763,1.285],[113.756,1.277],[113.749,1.278],[113.737,1.275],[113.731,1.271],[113.726,1.272],[113.72,1.27],[113.717,1.266],[113.7,1.269],[113.699,1.258],[113.687,1.242],[113.675,1.235],[113.67,1.234],[113.665,1.225],[113.667,1.222],[113.665,1.219],[113.66,1.219],[113.654,1.223],[113.642,1.223],[113.63,1.22],[113.623,1.229],[113.619,1.23],[113.62,1.235],[113.628,1.241],[113.626,1.252],[113.621,1.255],[113.617,1.254],[113.608,1.259],[113.596,1.257],[113.597,1.263],[113.596,1.279],[113.591,1.285],[113.591,1.289],[113.586,1.293],[113.584,1.299],[113.583,1.308],[113.574,1.307],[113.566,1.31],[113.56,1.309],[113.557,1.314],[113.55,1.319],[113.538,1.323],[113.526,1.32],[113.514,1.314],[113.509,1.317],[113.503,1.316],[113.5,1.318],[113.493,1.311],[113.487,1.307],[113.483,1.309],[113.479,1.305],[113.467,1.304],[113.459,1.296],[113.455,1.291],[113.454,1.286],[113.442,1.284],[113.421,1.285],[113.42,1.291],[113.411,1.299],[113.41,1.304],[113.402,1.309],[113.402,1.313],[113.398,1.318],[113.383,1.32],[113.38,1.319],[113.38,1.321],[113.377,1.323],[113.369,1.325],[113.37,1.334],[113.365,1.336],[113.365,1.346],[113.362,1.349],[113.357,1.358],[113.352,1.357],[113.342,1.363],[113.336,1.364],[113.331,1.368],[113.327,1.376],[113.317,1.375],[113.309,1.371],[113.285,1.381],[113.281,1.38],[113.276,1.38],[113.27,1.386],[113.261,1.388],[113.257,1.383],[113.249,1.383],[113.24,1.393],[113.233,1.394],[113.223,1.39],[113.22,1.381],[113.211,1.382],[113.203,1.379],[113.197,1.381],[113.186,1.377],[113.181,1.378],[113.165,1.389],[113.156,1.391],[113.144,1.389],[113.141,1.395],[113.134,1.4],[113.133,1.413],[113.127,1.415],[113.122,1.422],[113.124,1.427],[113.121,1.432],[113.112,1.435],[113.106,1.445],[113.098,1.443],[113.091,1.438],[113.092,1.434],[113.085,1.428],[113.074,1.431],[113.057,1.421],[113.044,1.424],[113.034,1.414],[113.024,1.408],[113.016,1.406],[113.008,1.408],[112.987,1.408],[112.975,1.411],[112.978,1.424],[112.976,1.438],[112.981,1.44],[112.983,1.451],[113.003,1.457],[113.026,1.469],[113.04,1.474],[113.039,1.482],[113.032,1.491],[113.034,1.495],[113.05,1.501],[113.047,1.503],[113.045,1.515],[113.052,1.52],[113.055,1.526],[113.059,1.526],[113.065,1.531],[113.07,1.529],[113.068,1.541],[113.064,1.543],[113.062,1.547],[113.064,1.553],[113.059,1.559],[113.053,1.557],[113.047,1.561],[113.041,1.562],[113.033,1.567],[113.03,1.566],[113.026,1.568],[113.022,1.567],[113.018,1.57],[113.012,1.571],[113.005,1.569],[113,1.573],[112.999,1.578],[112.99,1.579],[112.984,1.564],[112.974,1.563],[112.966,1.568],[112.962,1.568],[112.957,1.57],[112.956,1.574],[112.952,1.574],[112.949,1.568],[112.943,1.57],[112.942,1.567],[112.932,1.568],[112.924,1.571],[112.918,1.58],[112.914,1.583],[112.907,1.584],[112.898,1.59],[112.896,1.59],[112.891,1.585],[112.884,1.586],[112.88,1.585],[112.875,1.574],[112.872,1.57],[112.868,1.569],[112.866,1.561],[112.861,1.559],[112.855,1.559],[112.85,1.553],[112.851,1.551],[112.847,1.549],[112.846,1.54],[112.841,1.538],[112.838,1.54],[112.835,1.544],[112.829,1.547],[112.826,1.545],[112.823,1.54],[112.813,1.54],[112.807,1.545],[112.799,1.548],[112.796,1.555],[112.786,1.559],[112.777,1.567],[112.765,1.569],[112.754,1.574],[112.732,1.567],[112.716,1.575],[112.682,1.565],[112.679,1.561],[112.673,1.56],[112.668,1.563],[112.655,1.564],[112.647,1.569],[112.642,1.573],[112.635,1.576],[112.63,1.575],[112.621,1.569],[112.616,1.567],[112.604,1.569],[112.592,1.575],[112.574,1.574],[112.565,1.575],[112.554,1.574],[112.543,1.576],[112.532,1.573],[112.516,1.57],[112.49,1.58],[112.479,1.579],[112.47,1.571],[112.464,1.569],[112.454,1.559],[112.436,1.55],[112.433,1.543],[112.43,1.533],[112.423,1.526],[112.41,1.523],[112.394,1.517],[112.385,1.521],[112.375,1.51],[112.363,1.511],[112.356,1.508],[112.351,1.502],[112.33,1.5],[112.317,1.502],[112.31,1.502],[112.305,1.493],[112.294,1.486],[112.284,1.481],[112.277,1.473],[112.269,1.466],[112.254,1.462],[112.245,1.457],[112.222,1.455],[112.218,1.45],[112.207,1.447],[112.199,1.438],[112.201,1.433],[112.202,1.424],[112.197,1.415],[112.196,1.409],[112.199,1.408],[112.208,1.408],[112.217,1.398],[112.222,1.4],[112.226,1.4],[112.225,1.384],[112.223,1.377],[112.217,1.37],[112.218,1.364],[112.218,1.358],[112.208,1.353],[112.211,1.345],[112.21,1.34],[112.199,1.325],[112.181,1.315],[112.177,1.309],[112.177,1.295],[112.171,1.287],[112.169,1.282],[112.173,1.26],[112.167,1.254],[112.162,1.251],[112.161,1.249],[112.161,1.238],[112.166,1.221],[112.163,1.215],[112.161,1.205],[112.156,1.194],[112.143,1.186],[112.148,1.177],[112.152,1.173],[112.154,1.169],[112.154,1.165],[112.151,1.16],[112.154,1.152],[112.152,1.144],[112.144,1.144],[112.14,1.141],[112.132,1.139],[112.123,1.139],[112.09,1.136],[112.067,1.136],[112.027,1.128],[112.019,1.129],[112.013,1.131],[111.981,1.124],[111.953,1.124],[111.946,1.117],[111.934,1.119],[111.932,1.116],[111.932,1.104],[111.927,1.098],[111.925,1.091],[111.909,1.087],[111.907,1.085],[111.908,1.079],[111.905,1.074],[111.891,1.074],[111.887,1.071],[111.882,1.07],[111.878,1.066],[111.879,1.059],[111.87,1.048],[111.869,1.045],[111.869,1.039],[111.871,1.033],[111.87,1.029],[111.868,1.026],[111.862,1.023],[111.862,1.02],[111.867,1.018],[111.866,1.015],[111.862,1.012],[111.856,1.012],[111.856,1.009],[111.849,1.002],[111.839,1],[111.834,0.997],[111.83,0.996],[111.824,0.989],[111.813,0.988],[111.809,0.997],[111.796,1.002],[111.785,0.998],[111.773,1.001],[111.768,1.008],[111.766,1.017],[111.761,1.022],[111.753,1.019],[111.745,1.011],[111.715,1.008],[111.71,1.012],[111.707,1.017],[111.711,1.024],[111.693,1.029],[111.686,1.028],[111.666,1.044],[111.662,1.045],[111.659,1.042],[111.651,1.038],[111.636,1.034],[111.635,1.032],[111.635,1.026],[111.633,1.025],[111.618,1.023],[111.611,1.017],[111.589,1.009],[111.587,1.005],[111.586,0.995],[111.581,0.987],[111.573,0.979],[111.569,0.98],[111.563,0.986],[111.559,0.988],[111.555,0.987],[111.547,0.983],[111.546,0.981],[111.548,0.974],[111.548,0.96],[111.541,0.953],[111.537,0.953],[111.528,0.959],[111.521,0.961],[111.52,0.963],[111.514,0.981],[111.51,1.008],[111.501,1.023],[111.492,1.032],[111.482,1.038],[111.46,1.039],[111.449,1.025],[111.442,1.019],[111.42,1.013],[111.408,1.013],[111.378,1.021],[111.365,1.03],[111.352,1.032],[111.333,1.046],[111.308,1.05],[111.297,1.056],[111.288,1.057],[111.275,1.064],[111.273,1.068],[111.266,1.072],[111.249,1.066],[111.241,1.081],[111.229,1.089],[111.222,1.087],[111.201,1.073],[111.18,1.064],[111.162,1.064],[111.135,1.055],[111.115,1.057],[111.077,1.055],[111.05,1.049],[111.036,1.045],[111.027,1.04],[111.021,1.041],[111.016,1.039],[111,1.038],[110.996,1.036],[110.994,1.03],[110.976,1.029],[110.963,1.031],[110.952,1.028],[110.932,1.027],[110.92,1.031],[110.902,1.029],[110.896,1.015],[110.889,1.008],[110.89,0.994],[110.886,0.984],[110.883,0.98],[110.874,0.975],[110.869,0.966],[110.862,0.966],[110.857,0.956],[110.851,0.95],[110.835,0.952],[110.824,0.948],[110.811,0.949],[110.803,0.943],[110.801,0.943],[110.8,0.946],[110.797,0.946],[110.793,0.939],[110.793,0.936],[110.805,0.911],[110.803,0.903],[110.797,0.897],[110.793,0.897],[110.786,0.904],[110.774,0.909],[110.77,0.913],[110.766,0.924],[110.762,0.928],[110.758,0.929],[110.754,0.927],[110.748,0.918],[110.751,0.911],[110.751,0.907],[110.749,0.904],[110.743,0.902],[110.741,0.894],[110.736,0.893],[110.734,0.899],[110.722,0.905],[110.715,0.906],[110.704,0.903],[110.699,0.895],[110.691,0.888],[110.686,0.881],[110.686,0.869],[110.682,0.864],[110.678,0.865],[110.675,0.869],[110.669,0.868],[110.665,0.876],[110.655,0.873],[110.647,0.873],[110.64,0.891],[110.641,0.898],[110.64,0.899],[110.626,0.891],[110.625,0.878],[110.618,0.869],[110.604,0.867],[110.593,0.868],[110.586,0.859],[110.575,0.859],[110.566,0.855],[110.556,0.862],[110.542,0.862],[110.536,0.868],[110.533,0.87],[110.513,0.871],[110.5,0.876],[110.484,0.877],[110.474,0.884],[110.469,0.891],[110.459,0.894],[110.454,0.904],[110.436,0.91],[110.433,0.914],[110.428,0.924],[110.424,0.928],[110.432,0.938],[110.43,0.943],[110.407,0.952],[110.401,0.951],[110.398,0.954],[110.401,0.965],[110.397,0.972],[110.396,0.985],[110.387,0.996],[110.379,0.994],[110.368,0.996],[110.363,0.989],[110.357,0.985],[110.351,0.988],[110.343,0.988],[110.338,0.992],[110.335,0.996],[110.338,1.009],[110.332,1.012],[110.332,1.005],[110.325,1.007],[110.323,0.998],[110.319,0.995],[110.312,1.003],[110.308,1.004],[110.304,1.002],[110.304,1.006],[110.301,1.007],[110.299,1],[110.296,0.997],[110.289,0.999],[110.28,0.996],[110.274,0.997],[110.272,1.001],[110.277,1.019],[110.273,1.027],[110.272,1.033],[110.279,1.04],[110.279,1.046],[110.274,1.052],[110.266,1.053],[110.263,1.051],[110.259,1.054],[110.256,1.062],[110.262,1.066],[110.259,1.069],[110.258,1.074],[110.248,1.079],[110.242,1.087],[110.243,1.098],[110.241,1.103],[110.243,1.108],[110.236,1.117],[110.225,1.12],[110.219,1.115],[110.213,1.115],[110.203,1.119],[110.2,1.138],[110.206,1.141],[110.207,1.149],[110.201,1.157],[110.201,1.165],[110.194,1.169],[110.192,1.173],[110.189,1.176],[110.187,1.183],[110.178,1.183],[110.171,1.186],[110.157,1.198],[110.151,1.2],[110.148,1.199],[110.139,1.201],[110.124,1.195],[110.115,1.194],[110.106,1.198],[110.094,1.198],[110.092,1.199],[110.09,1.205],[110.086,1.207],[110.081,1.216],[110.065,1.209],[110.061,1.209],[110.056,1.22],[110.057,1.223],[110.064,1.229],[110.063,1.247],[110.06,1.251],[110.061,1.254],[110.057,1.26],[110.061,1.264],[110.057,1.265],[110.056,1.268],[110.052,1.27],[110.045,1.265],[110.043,1.265],[110.042,1.271],[110.04,1.274],[110.017,1.285],[110.011,1.293],[110.004,1.295],[109.998,1.3],[109.989,1.297],[109.977,1.302],[109.96,1.374],[109.961,1.376],[109.964,1.379],[109.965,1.385],[109.968,1.389],[109.961,1.399],[109.959,1.407],[109.942,1.412],[109.927,1.428],[109.909,1.426],[109.893,1.418],[109.884,1.421],[109.859,1.421],[109.846,1.429],[109.84,1.425],[109.835,1.426],[109.832,1.432],[109.833,1.447],[109.83,1.46],[109.832,1.467],[109.835,1.474],[109.837,1.485],[109.84,1.489],[109.836,1.49],[109.833,1.487],[109.827,1.486],[109.823,1.475],[109.819,1.473],[109.815,1.465],[109.812,1.465],[109.803,1.471],[109.798,1.475],[109.797,1.479],[109.796,1.487],[109.802,1.489],[109.803,1.491],[109.801,1.496],[109.795,1.504],[109.782,1.507],[109.777,1.518],[109.766,1.527],[109.757,1.532],[109.743,1.549],[109.734,1.556],[109.728,1.564],[109.723,1.564],[109.709,1.587],[109.702,1.587],[109.698,1.591],[109.695,1.599],[109.687,1.613],[109.67,1.616],[109.663,1.623],[109.659,1.639],[109.666,1.65],[109.667,1.655],[109.666,1.661],[109.661,1.675],[109.665,1.684],[109.663,1.693],[109.668,1.699],[109.67,1.706],[109.667,1.726],[109.669,1.735],[109.682,1.761],[109.683,1.783],[109.66,1.797],[109.658,1.798],[109.643,1.796],[109.632,1.803],[109.626,1.801],[109.622,1.803],[109.612,1.797],[109.598,1.799],[109.598,1.797],[109.59,1.794],[109.585,1.794],[109.583,1.796],[109.58,1.804],[109.589,1.815],[109.584,1.835],[109.582,1.839],[109.578,1.841],[109.563,1.845],[109.553,1.855],[109.553,1.859],[109.558,1.871],[109.553,1.876],[109.551,1.881],[109.547,1.889],[109.546,1.901],[109.54,1.915],[109.541,1.924],[109.556,1.927],[109.561,1.932],[109.564,1.939],[109.562,1.951],[109.553,1.952],[109.551,1.957],[109.556,1.961],[109.555,1.968],[109.565,1.968],[109.572,1.975],[109.591,1.979],[109.598,1.979],[109.599,1.973],[109.603,1.975],[109.607,1.98],[109.614,1.983],[109.62,1.983],[109.621,1.985],[109.622,1.984],[109.623,1.992],[109.627,1.991],[109.627,1.997],[109.631,2.004],[109.63,2.014],[109.638,2.028],[109.631,2.035],[109.63,2.046],[109.639,2.065],[109.641,2.071],[109.644,2.074],[109.645,2.081],[109.648,2.079],[109.649,2.074],[109.646,2.05],[109.647,2.046],[109.657,2.039],[109.654,2.037],[109.653,2.035],[109.654,2.033],[109.653,2.031],[109.656,2.025],[109.653,2.023],[109.652,2.018],[109.646,2.011],[109.653,1.998],[109.664,1.991],[109.667,1.985],[109.666,1.984],[109.66,1.988],[109.657,1.988],[109.65,1.983],[109.651,1.972],[109.652,1.969],[109.65,1.968],[109.651,1.965],[109.649,1.964],[109.651,1.958],[109.646,1.951],[109.653,1.941],[109.654,1.937],[109.654,1.936],[109.649,1.936],[109.648,1.934],[109.649,1.928],[109.653,1.919],[109.65,1.915],[109.652,1.909],[109.657,1.904],[109.656,1.9],[109.659,1.899],[109.658,1.902],[109.676,1.888],[109.676,1.885],[109.673,1.884],[109.685,1.877],[109.684,1.874],[109.681,1.871],[109.682,1.864],[109.68,1.861],[109.704,1.844],[109.705,1.842],[109.703,1.843],[109.704,1.841],[109.709,1.841],[109.728,1.833],[109.732,1.833],[109.745,1.83],[109.772,1.82],[109.778,1.814],[109.781,1.815],[109.788,1.811],[109.786,1.808],[109.791,1.807],[109.811,1.798],[109.843,1.787],[109.849,1.787],[109.851,1.786],[109.853,1.787],[109.854,1.783],[109.852,1.784],[109.851,1.78],[109.847,1.781],[109.85,1.772],[109.857,1.767],[109.86,1.767],[109.869,1.763],[109.879,1.753],[109.879,1.751],[109.874,1.748],[109.874,1.744],[109.872,1.742],[109.87,1.736],[109.871,1.733],[109.886,1.721],[109.907,1.715],[109.923,1.705],[109.931,1.686],[109.946,1.688],[109.95,1.699],[109.954,1.701],[109.965,1.701],[109.972,1.697],[109.974,1.695],[109.973,1.689],[109.977,1.684],[109.974,1.675],[109.975,1.674],[109.987,1.685],[109.994,1.694],[110.005,1.698],[110.037,1.699],[110.065,1.697],[110.07,1.695],[110.071,1.697],[110.083,1.701],[110.086,1.701],[110.091,1.695],[110.091,1.699],[110.093,1.7],[110.11,1.698],[110.125,1.698],[110.135,1.696],[110.136,1.694],[110.133,1.687],[110.132,1.668],[110.136,1.666],[110.138,1.668],[110.135,1.669],[110.135,1.672],[110.141,1.697],[110.146,1.701],[110.187,1.706],[110.198,1.706],[110.202,1.7],[110.202,1.687],[110.205,1.688],[110.212,1.699],[110.216,1.702],[110.264,1.711],[110.27,1.709],[110.275,1.705],[110.279,1.709],[110.287,1.708],[110.288,1.698],[110.284,1.694],[110.277,1.683],[110.278,1.678],[110.283,1.677],[110.29,1.681],[110.296,1.689],[110.308,1.695],[110.309,1.698],[110.31,1.697],[110.313,1.7],[110.312,1.704],[110.319,1.709],[110.319,1.717],[110.314,1.717],[110.314,1.72],[110.316,1.726],[110.313,1.728],[110.314,1.732],[110.312,1.732],[110.307,1.735],[110.308,1.736],[110.304,1.735],[110.303,1.738],[110.307,1.742],[110.306,1.746],[110.316,1.752],[110.314,1.754],[110.317,1.754],[110.321,1.76],[110.32,1.764],[110.318,1.764],[110.317,1.768],[110.319,1.771],[110.32,1.778],[110.323,1.781],[110.325,1.786],[110.327,1.788],[110.326,1.794],[110.328,1.801],[110.335,1.806],[110.342,1.803],[110.346,1.798],[110.342,1.79],[110.338,1.788],[110.337,1.784],[110.338,1.778],[110.342,1.777],[110.344,1.773],[110.345,1.764],[110.347,1.766],[110.35,1.763],[110.35,1.76],[110.354,1.758],[110.353,1.752],[110.357,1.736],[110.354,1.731],[110.358,1.726],[110.353,1.722],[110.353,1.719],[110.357,1.713],[110.372,1.705],[110.373,1.701],[110.372,1.685],[110.374,1.685],[110.376,1.69],[110.387,1.694],[110.391,1.694],[110.4,1.69],[110.404,1.691],[110.406,1.689],[110.411,1.689],[110.419,1.684],[110.42,1.68],[110.426,1.677],[110.431,1.676],[110.432,1.677],[110.428,1.681],[110.429,1.69],[110.43,1.694],[110.434,1.694],[110.436,1.699],[110.439,1.702],[110.442,1.711],[110.439,1.716],[110.443,1.716],[110.448,1.719],[110.443,1.725],[110.444,1.725],[110.444,1.73],[110.447,1.729],[110.448,1.732],[110.452,1.73],[110.451,1.733],[110.454,1.734],[110.455,1.73],[110.459,1.729],[110.461,1.736],[110.46,1.738],[110.462,1.738],[110.466,1.732],[110.466,1.735],[110.47,1.731],[110.472,1.732],[110.473,1.728],[110.472,1.729],[110.472,1.727],[110.471,1.727],[110.472,1.725],[110.476,1.725],[110.479,1.721],[110.48,1.723],[110.491,1.725],[110.495,1.722],[110.496,1.729],[110.503,1.731],[110.501,1.739],[110.497,1.742],[110.5,1.742],[110.497,1.746],[110.5,1.746],[110.5,1.743],[110.501,1.743],[110.503,1.745],[110.501,1.747],[110.507,1.75],[110.508,1.746],[110.515,1.742],[110.513,1.739],[110.519,1.736],[110.517,1.735],[110.52,1.731],[110.518,1.731],[110.517,1.729],[110.522,1.728],[110.523,1.729],[110.522,1.726],[110.526,1.724],[110.518,1.722],[110.519,1.721],[110.511,1.719],[110.498,1.707],[110.496,1.696],[110.493,1.689],[110.494,1.687],[110.489,1.684],[110.491,1.675],[110.492,1.674],[110.491,1.672],[110.493,1.67],[110.481,1.669],[110.478,1.658],[110.481,1.652],[110.491,1.652],[110.495,1.651],[110.492,1.648],[110.488,1.646],[110.489,1.642],[110.503,1.641],[110.509,1.635],[110.512,1.636],[110.515,1.633],[110.52,1.623],[110.526,1.597],[110.538,1.6],[110.539,1.611],[110.606,1.614],[110.623,1.609],[110.643,1.598],[110.656,1.588],[110.668,1.573],[110.677,1.568],[110.683,1.566],[110.705,1.564],[110.724,1.56],[110.747,1.557],[110.75,1.551],[110.757,1.552]]],[[[110.09,1.732],[110.09,1.729],[110.089,1.732],[110.086,1.733],[110.086,1.736],[110.093,1.737],[110.09,1.732]]],[[[109.767,1.892],[109.769,1.895],[109.768,1.896],[109.769,1.898],[109.77,1.897],[109.77,1.893],[109.768,1.891],[109.767,1.892]]],[[[109.776,1.912],[109.774,1.914],[109.775,1.918],[109.781,1.922],[109.778,1.913],[109.776,1.912]]]]}},{"type":"Feature","properties":{"id":"kedah","name":"Kedah"},"geometry":{"type":"MultiPolygon","coordinates":[[[[100.738,5.305],[100.738,5.304],[100.737,5.301],[100.734,5.3],[100.732,5.291],[100.733,5.287],[100.732,5.279],[100.73,5.273],[100.731,5.266],[100.729,5.264],[100.727,5.263],[100.728,5.261],[100.725,5.26],[100.722,5.26],[100.716,5.255],[100.713,5.254],[100.712,5.256],[100.709,5.255],[100.706,5.25],[100.704,5.25],[100.699,5.246],[100.692,5.245],[100.694,5.242],[100.691,5.24],[100.691,5.236],[100.69,5.234],[100.691,5.232],[100.688,5.228],[100.689,5.227],[100.687,5.226],[100.686,5.221],[100.685,5.218],[100.682,5.219],[100.682,5.217],[100.677,5.21],[100.677,5.207],[100.675,5.207],[100.675,5.204],[100.671,5.198],[100.672,5.196],[100.67,5.195],[100.669,5.196],[100.666,5.192],[100.661,5.18],[100.658,5.179],[100.653,5.181],[100.653,5.177],[100.651,5.175],[100.651,5.173],[100.644,5.171],[100.64,5.165],[100.637,5.165],[100.636,5.163],[100.633,5.163],[100.632,5.161],[100.63,5.161],[100.629,5.154],[100.631,5.151],[100.627,5.147],[100.629,5.145],[100.627,5.143],[100.627,5.14],[100.624,5.138],[100.625,5.136],[100.62,5.133],[100.614,5.132],[100.611,5.134],[100.608,5.132],[100.609,5.127],[100.607,5.129],[100.605,5.125],[100.601,5.127],[100.601,5.125],[100.596,5.124],[100.596,5.122],[100.592,5.121],[100.595,5.117],[100.591,5.109],[100.592,5.106],[100.589,5.107],[100.586,5.106],[100.589,5.097],[100.584,5.098],[100.58,5.096],[100.58,5.095],[100.577,5.095],[100.577,5.094],[100.574,5.093],[100.568,5.087],[100.569,5.082],[100.566,5.081],[100.566,5.079],[100.563,5.081],[100.561,5.08],[100.555,5.08],[100.555,5.077],[100.553,5.077],[100.552,5.08],[100.557,5.086],[100.552,5.086],[100.55,5.082],[100.549,5.082],[100.548,5.084],[100.551,5.088],[100.556,5.088],[100.557,5.092],[100.548,5.089],[100.548,5.095],[100.546,5.096],[100.541,5.094],[100.539,5.088],[100.534,5.087],[100.526,5.097],[100.517,5.095],[100.514,5.099],[100.514,5.111],[100.52,5.113],[100.52,5.118],[100.511,5.127],[100.508,5.125],[100.505,5.119],[100.501,5.119],[100.499,5.128],[100.495,5.132],[100.497,5.14],[100.501,5.143],[100.507,5.144],[100.508,5.146],[100.543,5.138],[100.553,5.144],[100.525,5.369],[100.529,5.556],[100.526,5.554],[100.524,5.55],[100.522,5.549],[100.522,5.557],[100.513,5.56],[100.507,5.558],[100.502,5.566],[100.491,5.566],[100.485,5.57],[100.485,5.56],[100.479,5.564],[100.475,5.563],[100.473,5.561],[100.468,5.565],[100.462,5.566],[100.458,5.563],[100.451,5.567],[100.449,5.565],[100.448,5.561],[100.443,5.567],[100.435,5.565],[100.433,5.56],[100.43,5.566],[100.422,5.563],[100.408,5.567],[100.408,5.573],[100.394,5.58],[100.386,5.579],[100.384,5.585],[100.383,5.586],[100.379,5.581],[100.376,5.581],[100.371,5.586],[100.369,5.586],[100.367,5.583],[100.366,5.578],[100.362,5.575],[100.338,5.58],[100.34,5.635],[100.338,5.655],[100.334,5.656],[100.332,5.654],[100.333,5.662],[100.339,5.664],[100.342,5.673],[100.346,5.671],[100.35,5.67],[100.353,5.666],[100.357,5.665],[100.364,5.666],[100.381,5.678],[100.374,5.68],[100.375,5.682],[100.367,5.678],[100.362,5.681],[100.351,5.704],[100.351,5.716],[100.36,5.738],[100.362,5.745],[100.361,5.748],[100.357,5.748],[100.357,5.75],[100.359,5.75],[100.362,5.756],[100.366,5.771],[100.363,5.775],[100.364,5.816],[100.365,5.822],[100.359,5.845],[100.357,5.867],[100.353,5.877],[100.354,5.894],[100.352,5.902],[100.352,5.911],[100.351,5.914],[100.349,5.941],[100.351,5.959],[100.349,5.972],[100.35,5.974],[100.353,5.975],[100.348,5.979],[100.343,5.996],[100.343,6.005],[100.327,6.046],[100.311,6.072],[100.286,6.097],[100.285,6.102],[100.286,6.109],[100.283,6.108],[100.281,6.111],[100.275,6.141],[100.27,6.162],[100.264,6.175],[100.261,6.178],[100.244,6.207],[100.241,6.214],[100.242,6.215],[100.24,6.216],[100.231,6.228],[100.213,6.246],[100.199,6.257],[100.198,6.263],[100.203,6.27],[100.204,6.279],[100.202,6.284],[100.204,6.286],[100.205,6.292],[100.216,6.3],[100.222,6.311],[100.229,6.319],[100.239,6.327],[100.242,6.331],[100.251,6.337],[100.255,6.348],[100.281,6.372],[100.298,6.398],[100.306,6.405],[100.307,6.409],[100.31,6.411],[100.312,6.41],[100.364,6.454],[100.371,6.531],[100.368,6.54],[100.378,6.541],[100.383,6.539],[100.387,6.539],[100.396,6.534],[100.402,6.536],[100.403,6.53],[100.408,6.529],[100.412,6.523],[100.414,6.523],[100.42,6.519],[100.424,6.518],[100.431,6.522],[100.437,6.523],[100.44,6.526],[100.449,6.526],[100.458,6.531],[100.461,6.53],[100.464,6.525],[100.468,6.524],[100.469,6.521],[100.48,6.523],[100.487,6.522],[100.493,6.523],[100.497,6.52],[100.493,6.516],[100.495,6.508],[100.501,6.504],[100.503,6.499],[100.509,6.501],[100.51,6.493],[100.513,6.49],[100.515,6.492],[100.517,6.49],[100.521,6.494],[100.526,6.487],[100.533,6.489],[100.537,6.486],[100.543,6.49],[100.549,6.484],[100.553,6.489],[100.563,6.495],[100.572,6.484],[100.578,6.481],[100.583,6.478],[100.594,6.477],[100.598,6.474],[100.601,6.468],[100.607,6.471],[100.619,6.46],[100.646,6.457],[100.647,6.454],[100.643,6.449],[100.652,6.443],[100.655,6.443],[100.663,6.45],[100.686,6.454],[100.689,6.463],[100.697,6.466],[100.7,6.47],[100.709,6.471],[100.711,6.478],[100.72,6.485],[100.723,6.493],[100.73,6.496],[100.73,6.501],[100.733,6.503],[100.731,6.505],[100.736,6.51],[100.738,6.509],[100.741,6.507],[100.744,6.499],[100.74,6.49],[100.743,6.483],[100.745,6.469],[100.753,6.458],[100.756,6.456],[100.77,6.454],[100.778,6.461],[100.783,6.453],[100.788,6.453],[100.791,6.448],[100.808,6.444],[100.812,6.444],[100.817,6.424],[100.821,6.416],[100.824,6.406],[100.822,6.4],[100.824,6.384],[100.821,6.375],[100.822,6.359],[100.833,6.344],[100.839,6.335],[100.842,6.325],[100.849,6.316],[100.85,6.312],[100.849,6.31],[100.844,6.307],[100.838,6.3],[100.836,6.296],[100.837,6.292],[100.836,6.289],[100.847,6.258],[100.845,6.254],[100.847,6.248],[100.855,6.231],[100.859,6.232],[100.863,6.236],[100.871,6.24],[100.868,6.243],[100.867,6.246],[100.871,6.253],[100.872,6.262],[100.874,6.264],[100.881,6.254],[100.885,6.254],[100.887,6.25],[100.892,6.248],[100.894,6.239],[100.9,6.233],[100.903,6.233],[100.908,6.237],[100.909,6.24],[100.912,6.241],[100.915,6.247],[100.919,6.247],[100.923,6.244],[100.939,6.243],[100.942,6.241],[100.946,6.243],[100.946,6.248],[100.948,6.251],[100.947,6.258],[100.949,6.264],[100.956,6.265],[100.957,6.268],[100.966,6.273],[100.968,6.275],[100.968,6.284],[100.985,6.278],[100.99,6.267],[100.996,6.263],[101.004,6.26],[101.01,6.256],[101.014,6.248],[101.019,6.246],[101.023,6.249],[101.028,6.245],[101.032,6.244],[101.041,6.249],[101.045,6.249],[101.052,6.255],[101.061,6.254],[101.064,6.259],[101.066,6.258],[101.068,6.256],[101.094,6.261],[101.103,6.254],[101.113,6.251],[101.106,6.239],[101.116,6.221],[101.119,6.213],[101.116,6.204],[101.125,6.199],[101.126,6.193],[101.119,6.187],[101.112,6.182],[101.103,6.179],[101.096,6.179],[101.092,6.177],[101.087,6.179],[101.085,6.178],[101.085,6.175],[101.074,6.169],[101.074,6.162],[101.061,6.15],[101.058,6.142],[101.069,6.14],[101.074,6.136],[101.088,6.134],[101.094,6.129],[101.098,6.127],[101.101,6.124],[101.104,6.124],[101.107,6.117],[101.106,6.114],[101.119,6.115],[101.122,6.11],[101.123,6.096],[101.114,6.094],[101.115,6.088],[101.114,6.082],[101.109,6.074],[101.108,6.065],[101.104,6.064],[101.099,6.052],[101.103,6.052],[101.11,6.045],[101.109,6.038],[101.105,6.035],[101.108,6.026],[101.106,6.022],[101.111,6.015],[101.107,6.011],[101.104,6.006],[101.105,5.996],[101.109,5.994],[101.112,5.994],[101.114,5.991],[101.121,5.988],[101.122,5.984],[101.113,5.972],[101.111,5.965],[101.109,5.966],[101.098,5.957],[101.094,5.957],[101.098,5.947],[101.097,5.944],[101.092,5.94],[101.091,5.933],[101.088,5.931],[101.089,5.925],[101.087,5.922],[101.085,5.916],[101.077,5.923],[101.063,5.925],[101.054,5.917],[101.037,5.922],[101.028,5.918],[101.027,5.915],[101.03,5.906],[101.016,5.887],[101.015,5.882],[101.011,5.877],[101.012,5.864],[101.01,5.855],[101.014,5.842],[101.001,5.829],[100.996,5.815],[100.985,5.808],[100.989,5.799],[100.991,5.786],[100.983,5.776],[100.98,5.777],[100.977,5.774],[100.974,5.777],[100.972,5.777],[100.97,5.775],[100.962,5.778],[100.959,5.775],[100.946,5.77],[100.943,5.765],[100.95,5.756],[100.95,5.745],[100.957,5.74],[100.962,5.731],[100.971,5.729],[100.976,5.724],[100.979,5.724],[100.982,5.723],[100.978,5.717],[100.978,5.715],[100.977,5.713],[100.979,5.71],[100.977,5.706],[100.978,5.703],[100.973,5.697],[100.976,5.686],[100.972,5.684],[100.971,5.679],[100.968,5.677],[100.97,5.668],[100.965,5.663],[100.966,5.649],[100.96,5.65],[100.957,5.644],[100.955,5.644],[100.951,5.645],[100.949,5.649],[100.942,5.651],[100.939,5.647],[100.941,5.644],[100.945,5.634],[100.948,5.631],[100.946,5.63],[100.944,5.626],[100.941,5.627],[100.925,5.619],[100.923,5.604],[100.929,5.601],[100.93,5.596],[100.933,5.595],[100.936,5.591],[100.942,5.591],[100.944,5.584],[100.946,5.582],[100.936,5.575],[100.934,5.57],[100.935,5.565],[100.939,5.558],[100.941,5.55],[100.94,5.541],[100.935,5.536],[100.934,5.527],[100.932,5.524],[100.934,5.52],[100.93,5.516],[100.928,5.508],[100.92,5.502],[100.918,5.497],[100.911,5.494],[100.908,5.495],[100.905,5.493],[100.897,5.493],[100.895,5.494],[100.893,5.499],[100.887,5.498],[100.884,5.494],[100.884,5.487],[100.875,5.481],[100.869,5.471],[100.866,5.463],[100.869,5.46],[100.868,5.457],[100.868,5.447],[100.866,5.445],[100.867,5.429],[100.865,5.42],[100.857,5.413],[100.854,5.405],[100.854,5.401],[100.858,5.4],[100.859,5.395],[100.851,5.385],[100.848,5.376],[100.85,5.373],[100.849,5.368],[100.851,5.366],[100.85,5.363],[100.85,5.358],[100.848,5.357],[100.849,5.351],[100.839,5.345],[100.823,5.331],[100.818,5.325],[100.818,5.321],[100.815,5.322],[100.813,5.32],[100.81,5.321],[100.809,5.318],[100.803,5.318],[100.8,5.322],[100.795,5.319],[100.793,5.32],[100.793,5.322],[100.788,5.321],[100.787,5.318],[100.782,5.311],[100.781,5.314],[100.777,5.314],[100.772,5.319],[100.771,5.317],[100.765,5.316],[100.762,5.314],[100.758,5.318],[100.753,5.316],[100.749,5.317],[100.739,5.311],[100.735,5.311],[100.735,5.31],[100.737,5.309],[100.738,5.305]]],[[[100.277,5.751],[100.279,5.753],[100.282,5.745],[100.281,5.742],[100.279,5.744],[100.277,5.751]]],[[[100.279,5.772],[100.279,5.77],[100.277,5.769],[100.277,5.771],[100.279,5.772]]],[[[100.273,5.799],[100.272,5.799],[100.273,5.8],[100.273,5.799],[100.273,5.799]]],[[[100.285,5.811],[100.285,5.813],[100.288,5.814],[100.291,5.81],[100.289,5.809],[100.286,5.809],[100.285,5.811]]],[[[100.315,5.873],[100.312,5.874],[100.312,5.875],[100.316,5.876],[100.321,5.881],[100.332,5.879],[100.333,5.878],[100.327,5.875],[100.315,5.873]]],[[[100.334,5.877],[100.334,5.877],[100.334,5.878],[100.335,5.878],[100.334,5.877]]],[[[99.877,6.244],[99.877,6.241],[99.876,6.24],[99.876,6.243],[99.877,6.244]]],[[[99.887,6.265],[99.885,6.263],[99.883,6.263],[99.887,6.266],[99.887,6.265]]],[[[99.879,6.268],[99.88,6.268],[99.88,6.268],[99.879,6.267],[99.879,6.268]]],[[[99.895,6.274],[99.895,6.273],[99.895,6.273],[99.895,6.274]]],[[[99.868,6.275],[99.871,6.277],[99.874,6.273],[99.867,6.273],[99.868,6.275]]],[[[99.864,6.279],[99.862,6.279],[99.861,6.287],[99.865,6.29],[99.867,6.284],[99.869,6.283],[99.864,6.279]]],[[[99.869,6.291],[99.869,6.29],[99.868,6.291],[99.869,6.291]]],[[[99.868,6.294],[99.868,6.294],[99.867,6.295],[99.868,6.295],[99.868,6.294]]],[[[99.88,6.295],[99.88,6.296],[99.882,6.296],[99.882,6.295],[99.88,6.295]]],[[[99.886,6.301],[99.887,6.299],[99.886,6.298],[99.885,6.301],[99.886,6.301]]],[[[99.933,6.307],[99.935,6.305],[99.931,6.304],[99.93,6.307],[99.933,6.307]]],[[[99.934,6.317],[99.936,6.317],[99.937,6.316],[99.933,6.314],[99.931,6.31],[99.929,6.311],[99.929,6.314],[99.928,6.313],[99.924,6.306],[99.922,6.292],[99.918,6.3],[99.911,6.302],[99.912,6.307],[99.901,6.307],[99.898,6.306],[99.895,6.307],[99.894,6.309],[99.891,6.306],[99.89,6.308],[99.886,6.306],[99.886,6.308],[99.884,6.308],[99.883,6.31],[99.885,6.313],[99.889,6.312],[99.892,6.315],[99.905,6.317],[99.912,6.315],[99.914,6.318],[99.92,6.32],[99.921,6.321],[99.927,6.322],[99.93,6.317],[99.934,6.317]]],[[[99.937,6.313],[99.941,6.317],[99.945,6.314],[99.941,6.309],[99.938,6.31],[99.937,6.313]]],[[[99.891,6.415],[99.894,6.412],[99.895,6.41],[99.89,6.412],[99.891,6.415]]],[[[99.913,6.406],[99.913,6.399],[99.909,6.406],[99.908,6.411],[99.912,6.423],[99.915,6.424],[99.917,6.435],[99.919,6.437],[99.916,6.425],[99.913,6.406]]],[[[99.901,6.439],[99.901,6.434],[99.906,6.422],[99.904,6.42],[99.91,6.419],[99.907,6.416],[99.907,6.413],[99.903,6.412],[99.898,6.419],[99.891,6.421],[99.882,6.429],[99.882,6.431],[99.88,6.438],[99.884,6.444],[99.884,6.449],[99.886,6.45],[99.889,6.455],[99.892,6.452],[99.894,6.443],[99.895,6.441],[99.9,6.443],[99.901,6.439]]],[[[99.794,6.155],[99.792,6.156],[99.794,6.16],[99.798,6.154],[99.794,6.155]]],[[[99.801,6.161],[99.802,6.158],[99.801,6.156],[99.8,6.159],[99.801,6.161]]],[[[99.816,6.161],[99.813,6.16],[99.812,6.163],[99.813,6.164],[99.816,6.164],[99.815,6.163],[99.816,6.161]]],[[[99.779,6.165],[99.779,6.163],[99.777,6.165],[99.779,6.165],[99.779,6.165]]],[[[99.775,6.164],[99.775,6.165],[99.776,6.165],[99.776,6.164],[99.775,6.164]]],[[[99.812,6.166],[99.812,6.165],[99.812,6.164],[99.811,6.165],[99.812,6.166]]],[[[99.778,6.17],[99.777,6.168],[99.775,6.165],[99.774,6.168],[99.778,6.17]]],[[[99.786,6.173],[99.788,6.171],[99.788,6.169],[99.783,6.17],[99.786,6.173]]],[[[99.732,6.171],[99.732,6.171],[99.732,6.172],[99.732,6.17],[99.732,6.171]]],[[[99.752,6.219],[99.751,6.211],[99.748,6.21],[99.746,6.207],[99.742,6.205],[99.739,6.202],[99.745,6.2],[99.744,6.195],[99.747,6.195],[99.748,6.192],[99.744,6.184],[99.742,6.184],[99.74,6.187],[99.731,6.187],[99.729,6.185],[99.727,6.177],[99.725,6.176],[99.723,6.185],[99.727,6.187],[99.723,6.198],[99.724,6.202],[99.721,6.206],[99.728,6.214],[99.732,6.226],[99.734,6.227],[99.734,6.218],[99.739,6.226],[99.742,6.227],[99.742,6.231],[99.744,6.229],[99.742,6.225],[99.744,6.222],[99.747,6.219],[99.752,6.219]]],[[[99.757,6.22],[99.756,6.221],[99.758,6.222],[99.758,6.221],[99.757,6.22]]],[[[99.716,6.229],[99.722,6.227],[99.723,6.221],[99.722,6.219],[99.72,6.217],[99.72,6.214],[99.717,6.213],[99.713,6.214],[99.711,6.218],[99.712,6.225],[99.71,6.229],[99.711,6.233],[99.713,6.233],[99.713,6.232],[99.716,6.229]]],[[[99.75,6.23],[99.749,6.229],[99.748,6.231],[99.75,6.231],[99.75,6.23]]],[[[99.724,6.24],[99.724,6.235],[99.722,6.234],[99.717,6.241],[99.721,6.243],[99.723,6.241],[99.727,6.242],[99.724,6.24]]],[[[99.714,6.242],[99.715,6.242],[99.712,6.24],[99.712,6.242],[99.714,6.242]]],[[[99.744,6.25],[99.743,6.25],[99.744,6.251],[99.744,6.25],[99.744,6.25]]],[[[99.837,6.186],[99.836,6.186],[99.836,6.186],[99.837,6.186]]],[[[99.834,6.187],[99.834,6.187],[99.834,6.187],[99.834,6.187],[99.834,6.187]]],[[[99.844,6.187],[99.842,6.188],[99.843,6.189],[99.843,6.188],[99.844,6.187]]],[[[99.841,6.19],[99.842,6.19],[99.841,6.19],[99.841,6.19],[99.841,6.19]]],[[[99.777,6.179],[99.778,6.18],[99.781,6.177],[99.778,6.173],[99.776,6.175],[99.777,6.179]]],[[[99.785,6.188],[99.787,6.188],[99.784,6.182],[99.781,6.183],[99.785,6.188]]],[[[99.766,6.207],[99.767,6.208],[99.769,6.206],[99.768,6.202],[99.766,6.207]]],[[[99.832,6.205],[99.831,6.204],[99.831,6.204],[99.831,6.206],[99.832,6.205]]],[[[99.844,6.191],[99.845,6.192],[99.845,6.192],[99.844,6.191]]],[[[99.843,6.191],[99.842,6.191],[99.841,6.191],[99.842,6.192],[99.843,6.191]]],[[[99.834,6.21],[99.834,6.211],[99.835,6.21],[99.834,6.21]]],[[[99.872,6.233],[99.872,6.233],[99.872,6.234],[99.873,6.234],[99.872,6.233]]],[[[99.874,6.235],[99.871,6.236],[99.871,6.238],[99.874,6.236],[99.874,6.235]]],[[[99.853,6.257],[99.857,6.255],[99.858,6.25],[99.861,6.249],[99.857,6.243],[99.856,6.239],[99.857,6.237],[99.864,6.236],[99.863,6.229],[99.858,6.218],[99.858,6.214],[99.854,6.21],[99.852,6.222],[99.849,6.223],[99.842,6.222],[99.839,6.219],[99.831,6.221],[99.828,6.216],[99.826,6.216],[99.822,6.228],[99.821,6.236],[99.822,6.242],[99.828,6.247],[99.832,6.258],[99.846,6.267],[99.848,6.262],[99.853,6.26],[99.853,6.257]]],[[[99.869,6.242],[99.869,6.243],[99.87,6.243],[99.869,6.242]]],[[[99.874,6.271],[99.875,6.271],[99.874,6.27],[99.874,6.271],[99.874,6.271]]],[[[99.742,6.256],[99.742,6.256],[99.743,6.256],[99.743,6.256],[99.742,6.256]]],[[[99.758,6.263],[99.759,6.263],[99.759,6.262],[99.754,6.261],[99.758,6.263]]],[[[99.717,6.264],[99.713,6.267],[99.714,6.269],[99.717,6.268],[99.721,6.272],[99.722,6.267],[99.719,6.263],[99.717,6.264]]],[[[99.709,6.293],[99.712,6.294],[99.712,6.292],[99.708,6.291],[99.709,6.293]]],[[[99.762,6.213],[99.763,6.215],[99.766,6.212],[99.761,6.208],[99.759,6.21],[99.762,6.213]]],[[[99.841,6.29],[99.839,6.289],[99.841,6.282],[99.84,6.274],[99.836,6.273],[99.83,6.267],[99.825,6.267],[99.823,6.263],[99.825,6.25],[99.819,6.241],[99.818,6.237],[99.818,6.227],[99.825,6.217],[99.824,6.214],[99.821,6.213],[99.816,6.216],[99.815,6.215],[99.822,6.211],[99.83,6.213],[99.833,6.218],[99.836,6.214],[99.832,6.214],[99.831,6.207],[99.826,6.208],[99.829,6.202],[99.827,6.201],[99.83,6.199],[99.828,6.197],[99.826,6.188],[99.821,6.186],[99.821,6.177],[99.817,6.177],[99.816,6.173],[99.812,6.17],[99.815,6.167],[99.814,6.165],[99.807,6.171],[99.805,6.169],[99.803,6.173],[99.805,6.175],[99.802,6.182],[99.803,6.184],[99.799,6.186],[99.792,6.175],[99.789,6.178],[99.79,6.176],[99.787,6.174],[99.786,6.181],[99.788,6.183],[99.789,6.187],[99.785,6.193],[99.785,6.195],[99.781,6.198],[99.782,6.206],[99.779,6.209],[99.778,6.203],[99.774,6.2],[99.773,6.202],[99.775,6.203],[99.773,6.204],[99.772,6.21],[99.774,6.213],[99.771,6.212],[99.768,6.214],[99.772,6.22],[99.773,6.22],[99.771,6.227],[99.772,6.228],[99.777,6.227],[99.778,6.228],[99.78,6.228],[99.78,6.226],[99.783,6.226],[99.782,6.228],[99.782,6.232],[99.787,6.234],[99.792,6.238],[99.789,6.24],[99.79,6.243],[99.792,6.253],[99.796,6.257],[99.796,6.264],[99.799,6.266],[99.798,6.269],[99.803,6.272],[99.808,6.271],[99.816,6.276],[99.822,6.277],[99.828,6.289],[99.832,6.291],[99.834,6.294],[99.842,6.293],[99.841,6.29]]],[[[99.771,6.254],[99.771,6.255],[99.772,6.256],[99.772,6.255],[99.771,6.254]]],[[[99.83,6.473],[99.834,6.469],[99.836,6.472],[99.842,6.469],[99.844,6.47],[99.848,6.468],[99.847,6.466],[99.853,6.461],[99.854,6.459],[99.851,6.459],[99.85,6.457],[99.857,6.454],[99.858,6.451],[99.854,6.447],[99.854,6.441],[99.855,6.439],[99.853,6.438],[99.853,6.436],[99.855,6.436],[99.854,6.434],[99.858,6.433],[99.86,6.434],[99.861,6.432],[99.863,6.43],[99.864,6.432],[99.869,6.426],[99.874,6.428],[99.879,6.42],[99.88,6.421],[99.88,6.419],[99.883,6.417],[99.885,6.42],[99.889,6.414],[99.889,6.412],[99.895,6.408],[99.894,6.405],[99.897,6.406],[99.9,6.389],[99.893,6.387],[99.888,6.378],[99.892,6.38],[99.897,6.386],[99.904,6.389],[99.904,6.392],[99.907,6.394],[99.91,6.391],[99.911,6.384],[99.907,6.371],[99.905,6.371],[99.907,6.367],[99.902,6.368],[99.899,6.363],[99.9,6.363],[99.902,6.357],[99.91,6.349],[99.914,6.347],[99.913,6.338],[99.914,6.333],[99.912,6.331],[99.911,6.327],[99.91,6.326],[99.904,6.326],[99.895,6.322],[99.893,6.32],[99.889,6.321],[99.879,6.316],[99.88,6.31],[99.878,6.308],[99.871,6.305],[99.869,6.307],[99.866,6.306],[99.864,6.304],[99.866,6.296],[99.864,6.292],[99.855,6.295],[99.852,6.295],[99.852,6.301],[99.857,6.306],[99.857,6.311],[99.847,6.323],[99.842,6.325],[99.834,6.323],[99.831,6.325],[99.818,6.318],[99.816,6.319],[99.807,6.318],[99.806,6.317],[99.806,6.315],[99.802,6.315],[99.803,6.306],[99.799,6.301],[99.787,6.293],[99.785,6.288],[99.781,6.287],[99.78,6.285],[99.778,6.285],[99.776,6.279],[99.772,6.278],[99.767,6.281],[99.763,6.279],[99.758,6.283],[99.757,6.283],[99.756,6.278],[99.751,6.28],[99.752,6.27],[99.749,6.269],[99.749,6.268],[99.745,6.268],[99.746,6.265],[99.74,6.267],[99.74,6.264],[99.738,6.265],[99.735,6.264],[99.736,6.257],[99.729,6.258],[99.728,6.26],[99.731,6.266],[99.731,6.273],[99.734,6.274],[99.731,6.274],[99.728,6.288],[99.72,6.297],[99.722,6.303],[99.724,6.313],[99.723,6.326],[99.72,6.348],[99.718,6.353],[99.712,6.361],[99.709,6.359],[99.702,6.359],[99.697,6.358],[99.696,6.356],[99.693,6.354],[99.693,6.357],[99.687,6.356],[99.684,6.358],[99.685,6.363],[99.681,6.365],[99.676,6.364],[99.673,6.361],[99.669,6.365],[99.659,6.36],[99.656,6.359],[99.653,6.362],[99.647,6.37],[99.643,6.385],[99.644,6.391],[99.642,6.394],[99.644,6.402],[99.644,6.413],[99.641,6.417],[99.642,6.429],[99.641,6.434],[99.645,6.437],[99.649,6.438],[99.66,6.431],[99.663,6.434],[99.664,6.429],[99.667,6.426],[99.675,6.429],[99.677,6.436],[99.682,6.434],[99.685,6.435],[99.688,6.433],[99.705,6.437],[99.717,6.434],[99.726,6.43],[99.733,6.431],[99.73,6.426],[99.728,6.416],[99.731,6.416],[99.733,6.409],[99.725,6.398],[99.73,6.397],[99.729,6.399],[99.734,6.404],[99.731,6.404],[99.737,6.413],[99.74,6.426],[99.745,6.426],[99.747,6.43],[99.749,6.429],[99.75,6.425],[99.757,6.422],[99.765,6.424],[99.768,6.427],[99.768,6.429],[99.774,6.421],[99.783,6.421],[99.792,6.424],[99.798,6.435],[99.813,6.456],[99.816,6.452],[99.819,6.452],[99.823,6.456],[99.829,6.459],[99.823,6.451],[99.828,6.456],[99.831,6.456],[99.831,6.447],[99.833,6.447],[99.832,6.454],[99.841,6.447],[99.842,6.448],[99.845,6.444],[99.845,6.449],[99.841,6.457],[99.841,6.462],[99.84,6.46],[99.836,6.459],[99.833,6.461],[99.832,6.46],[99.829,6.462],[99.828,6.462],[99.825,6.464],[99.824,6.468],[99.822,6.468],[99.82,6.463],[99.818,6.464],[99.818,6.468],[99.82,6.469],[99.825,6.477],[99.827,6.477],[99.83,6.473]]],[[[99.702,6.302],[99.704,6.302],[99.704,6.297],[99.7,6.291],[99.69,6.288],[99.688,6.289],[99.686,6.293],[99.694,6.297],[99.694,6.303],[99.702,6.302]]],[[[99.673,6.358],[99.672,6.356],[99.671,6.357],[99.671,6.359],[99.673,6.358]]],[[[99.73,6.403],[99.73,6.402],[99.728,6.399],[99.728,6.4],[99.73,6.403]]],[[[99.676,6.437],[99.674,6.435],[99.672,6.436],[99.672,6.436],[99.676,6.437]]]]}},{"type":"Feature","properties":{"id":"perak","name":"Perak"},"geometry":{"type":"MultiPolygon","coordinates":[[[[100.761,4.042],[100.764,4.059],[100.763,4.085],[100.749,4.103],[100.731,4.115],[100.726,4.116],[100.721,4.131],[100.715,4.139],[100.707,4.147],[100.691,4.16],[100.668,4.169],[100.659,4.169],[100.656,4.155],[100.638,4.155],[100.626,4.141],[100.63,4.135],[100.628,4.134],[100.619,4.149],[100.624,4.155],[100.623,4.164],[100.619,4.167],[100.616,4.162],[100.613,4.164],[100.602,4.155],[100.607,4.15],[100.605,4.148],[100.59,4.165],[100.592,4.167],[100.601,4.157],[100.614,4.167],[100.612,4.18],[100.608,4.187],[100.603,4.189],[100.602,4.198],[100.609,4.203],[100.61,4.211],[100.607,4.211],[100.607,4.206],[100.606,4.203],[100.598,4.202],[100.596,4.205],[100.597,4.211],[100.602,4.21],[100.601,4.214],[100.605,4.214],[100.607,4.211],[100.61,4.212],[100.61,4.214],[100.595,4.227],[100.585,4.227],[100.585,4.236],[100.592,4.236],[100.593,4.239],[100.59,4.239],[100.59,4.256],[100.586,4.258],[100.59,4.261],[100.59,4.272],[100.584,4.277],[100.586,4.282],[100.584,4.294],[100.582,4.296],[100.581,4.295],[100.578,4.295],[100.579,4.299],[100.578,4.303],[100.574,4.311],[100.572,4.311],[100.569,4.309],[100.565,4.312],[100.56,4.308],[100.556,4.308],[100.558,4.32],[100.563,4.324],[100.585,4.376],[100.582,4.38],[100.585,4.383],[100.587,4.399],[100.58,4.399],[100.577,4.404],[100.577,4.408],[100.573,4.408],[100.573,4.431],[100.591,4.431],[100.591,4.437],[100.612,4.437],[100.612,4.45],[100.616,4.475],[100.613,4.517],[100.614,4.521],[100.625,4.535],[100.628,4.537],[100.63,4.544],[100.619,4.554],[100.598,4.567],[100.595,4.57],[100.59,4.571],[100.592,4.568],[100.586,4.565],[100.582,4.575],[100.582,4.586],[100.586,4.596],[100.581,4.6],[100.583,4.615],[100.6,4.64],[100.613,4.652],[100.601,4.654],[100.59,4.666],[100.578,4.698],[100.578,4.707],[100.575,4.713],[100.58,4.724],[100.584,4.725],[100.578,4.733],[100.575,4.745],[100.581,4.765],[100.589,4.772],[100.586,4.773],[100.572,4.784],[100.568,4.791],[100.56,4.8],[100.554,4.812],[100.555,4.822],[100.558,4.824],[100.553,4.826],[100.548,4.834],[100.55,4.837],[100.55,4.846],[100.562,4.856],[100.554,4.866],[100.547,4.88],[100.542,4.883],[100.534,4.882],[100.53,4.88],[100.525,4.881],[100.531,4.876],[100.532,4.874],[100.53,4.871],[100.509,4.864],[100.501,4.867],[100.49,4.874],[100.487,4.879],[100.488,4.882],[100.489,4.886],[100.493,4.889],[100.489,4.888],[100.487,4.89],[100.487,4.894],[100.492,4.904],[100.503,4.912],[100.501,4.917],[100.476,4.928],[100.473,4.927],[100.47,4.924],[100.466,4.922],[100.461,4.925],[100.463,4.922],[100.457,4.918],[100.456,4.919],[100.455,4.916],[100.452,4.914],[100.449,4.915],[100.442,4.925],[100.445,4.927],[100.441,4.925],[100.439,4.926],[100.427,4.949],[100.425,4.966],[100.426,4.983],[100.408,4.999],[100.408,4.997],[100.392,5.016],[100.39,5.02],[100.389,5.031],[100.385,5.04],[100.383,5.048],[100.382,5.049],[100.383,5.043],[100.379,5.052],[100.374,5.072],[100.362,5.084],[100.362,5.091],[100.368,5.097],[100.389,5.113],[100.4,5.127],[100.407,5.123],[100.495,5.134],[100.499,5.128],[100.5,5.12],[100.503,5.118],[100.505,5.119],[100.508,5.125],[100.511,5.127],[100.52,5.118],[100.52,5.113],[100.514,5.111],[100.514,5.099],[100.517,5.095],[100.526,5.097],[100.535,5.087],[100.539,5.088],[100.541,5.094],[100.546,5.096],[100.548,5.095],[100.548,5.089],[100.556,5.092],[100.558,5.09],[100.556,5.088],[100.551,5.088],[100.549,5.085],[100.549,5.081],[100.552,5.086],[100.557,5.086],[100.552,5.081],[100.553,5.077],[100.555,5.077],[100.555,5.08],[100.561,5.08],[100.563,5.081],[100.566,5.079],[100.566,5.081],[100.569,5.082],[100.568,5.087],[100.574,5.093],[100.577,5.094],[100.577,5.095],[100.58,5.095],[100.58,5.096],[100.584,5.098],[100.589,5.097],[100.586,5.106],[100.589,5.107],[100.592,5.106],[100.591,5.109],[100.595,5.117],[100.592,5.121],[100.596,5.122],[100.596,5.124],[100.601,5.125],[100.601,5.127],[100.605,5.125],[100.607,5.129],[100.609,5.127],[100.608,5.132],[100.611,5.134],[100.614,5.132],[100.62,5.133],[100.625,5.136],[100.624,5.138],[100.627,5.14],[100.627,5.143],[100.629,5.145],[100.627,5.147],[100.631,5.151],[100.629,5.154],[100.63,5.161],[100.632,5.161],[100.633,5.163],[100.636,5.163],[100.637,5.165],[100.64,5.165],[100.644,5.171],[100.651,5.173],[100.651,5.175],[100.653,5.177],[100.653,5.181],[100.658,5.179],[100.661,5.18],[100.666,5.192],[100.669,5.196],[100.67,5.195],[100.672,5.196],[100.671,5.198],[100.675,5.204],[100.675,5.207],[100.677,5.207],[100.677,5.21],[100.682,5.217],[100.682,5.219],[100.685,5.218],[100.686,5.221],[100.687,5.226],[100.689,5.227],[100.688,5.228],[100.691,5.232],[100.69,5.234],[100.691,5.236],[100.691,5.24],[100.694,5.242],[100.692,5.245],[100.699,5.246],[100.704,5.25],[100.706,5.25],[100.709,5.255],[100.712,5.256],[100.713,5.254],[100.716,5.255],[100.722,5.26],[100.725,5.26],[100.728,5.261],[100.727,5.263],[100.729,5.264],[100.731,5.266],[100.73,5.273],[100.732,5.279],[100.733,5.287],[100.732,5.291],[100.734,5.3],[100.737,5.301],[100.738,5.304],[100.737,5.309],[100.735,5.31],[100.735,5.311],[100.739,5.311],[100.748,5.317],[100.753,5.316],[100.757,5.318],[100.762,5.314],[100.765,5.316],[100.771,5.317],[100.772,5.319],[100.777,5.314],[100.781,5.314],[100.782,5.311],[100.787,5.318],[100.788,5.321],[100.793,5.322],[100.793,5.32],[100.795,5.319],[100.8,5.322],[100.803,5.318],[100.809,5.318],[100.81,5.321],[100.813,5.32],[100.815,5.322],[100.817,5.321],[100.819,5.323],[100.818,5.325],[100.823,5.331],[100.839,5.345],[100.849,5.351],[100.848,5.357],[100.85,5.358],[100.85,5.363],[100.851,5.366],[100.849,5.368],[100.85,5.373],[100.848,5.376],[100.851,5.385],[100.859,5.395],[100.858,5.4],[100.854,5.401],[100.854,5.405],[100.857,5.413],[100.865,5.42],[100.867,5.429],[100.866,5.445],[100.868,5.447],[100.868,5.457],[100.869,5.46],[100.866,5.463],[100.869,5.471],[100.875,5.481],[100.884,5.487],[100.884,5.494],[100.887,5.498],[100.893,5.499],[100.895,5.494],[100.897,5.493],[100.905,5.493],[100.908,5.495],[100.911,5.494],[100.918,5.497],[100.92,5.502],[100.928,5.508],[100.93,5.516],[100.934,5.52],[100.932,5.524],[100.934,5.527],[100.935,5.536],[100.94,5.541],[100.941,5.55],[100.939,5.558],[100.935,5.565],[100.934,5.57],[100.936,5.575],[100.946,5.582],[100.944,5.584],[100.942,5.591],[100.936,5.591],[100.933,5.595],[100.93,5.596],[100.929,5.601],[100.923,5.604],[100.925,5.619],[100.941,5.627],[100.944,5.626],[100.946,5.63],[100.948,5.631],[100.945,5.634],[100.941,5.644],[100.939,5.647],[100.942,5.651],[100.949,5.649],[100.951,5.645],[100.955,5.644],[100.957,5.644],[100.96,5.65],[100.966,5.649],[100.965,5.663],[100.97,5.668],[100.968,5.677],[100.971,5.679],[100.972,5.684],[100.976,5.686],[100.973,5.697],[100.978,5.703],[100.977,5.706],[100.979,5.71],[100.977,5.713],[100.978,5.715],[100.978,5.717],[100.982,5.723],[100.979,5.724],[100.976,5.724],[100.971,5.729],[100.962,5.731],[100.957,5.74],[100.95,5.745],[100.95,5.756],[100.943,5.765],[100.946,5.77],[100.959,5.775],[100.962,5.778],[100.97,5.775],[100.972,5.777],[100.974,5.777],[100.977,5.774],[100.98,5.777],[100.983,5.776],[100.99,5.785],[100.995,5.787],[100.999,5.781],[101.005,5.781],[101.005,5.777],[101.008,5.776],[101.008,5.772],[101.018,5.768],[101.023,5.756],[101.03,5.748],[101.032,5.743],[101.037,5.739],[101.041,5.742],[101.049,5.742],[101.054,5.744],[101.062,5.745],[101.06,5.736],[101.064,5.728],[101.066,5.727],[101.069,5.729],[101.083,5.722],[101.08,5.717],[101.081,5.713],[101.086,5.714],[101.086,5.711],[101.091,5.705],[101.098,5.703],[101.096,5.699],[101.098,5.696],[101.098,5.692],[101.113,5.68],[101.119,5.672],[101.12,5.665],[101.124,5.662],[101.127,5.653],[101.126,5.646],[101.13,5.641],[101.129,5.63],[101.134,5.62],[101.134,5.615],[101.136,5.614],[101.143,5.615],[101.146,5.617],[101.146,5.624],[101.153,5.624],[101.158,5.628],[101.167,5.634],[101.169,5.636],[101.168,5.641],[101.172,5.647],[101.189,5.652],[101.193,5.65],[101.198,5.651],[101.204,5.656],[101.206,5.66],[101.209,5.659],[101.215,5.661],[101.215,5.664],[101.218,5.666],[101.219,5.672],[101.221,5.673],[101.222,5.676],[101.219,5.682],[101.219,5.688],[101.223,5.689],[101.232,5.688],[101.236,5.69],[101.243,5.692],[101.246,5.697],[101.25,5.697],[101.251,5.698],[101.25,5.705],[101.255,5.711],[101.259,5.711],[101.261,5.714],[101.259,5.722],[101.262,5.732],[101.258,5.748],[101.255,5.754],[101.254,5.768],[101.271,5.805],[101.288,5.816],[101.299,5.813],[101.31,5.803],[101.318,5.803],[101.325,5.811],[101.34,5.811],[101.357,5.83],[101.373,5.834],[101.375,5.842],[101.38,5.85],[101.381,5.858],[101.389,5.864],[101.392,5.876],[101.395,5.872],[101.406,5.872],[101.415,5.873],[101.419,5.875],[101.425,5.873],[101.429,5.876],[101.432,5.87],[101.435,5.87],[101.438,5.872],[101.451,5.868],[101.465,5.875],[101.472,5.871],[101.478,5.872],[101.484,5.87],[101.486,5.871],[101.486,5.883],[101.489,5.883],[101.494,5.88],[101.497,5.882],[101.502,5.89],[101.508,5.893],[101.511,5.898],[101.518,5.903],[101.523,5.899],[101.528,5.908],[101.542,5.917],[101.555,5.919],[101.56,5.917],[101.575,5.925],[101.578,5.93],[101.583,5.932],[101.588,5.929],[101.59,5.916],[101.597,5.913],[101.599,5.91],[101.609,5.913],[101.615,5.91],[101.617,5.9],[101.624,5.892],[101.629,5.874],[101.644,5.872],[101.654,5.877],[101.66,5.875],[101.659,5.871],[101.663,5.867],[101.663,5.866],[101.66,5.864],[101.656,5.857],[101.658,5.854],[101.66,5.852],[101.661,5.848],[101.66,5.841],[101.657,5.838],[101.66,5.83],[101.659,5.824],[101.658,5.822],[101.658,5.813],[101.661,5.812],[101.663,5.815],[101.665,5.814],[101.668,5.807],[101.665,5.8],[101.671,5.795],[101.67,5.791],[101.675,5.791],[101.673,5.785],[101.676,5.765],[101.672,5.76],[101.676,5.755],[101.677,5.744],[101.68,5.738],[101.677,5.737],[101.674,5.73],[101.661,5.722],[101.66,5.718],[101.653,5.708],[101.653,5.704],[101.648,5.704],[101.646,5.702],[101.645,5.697],[101.648,5.689],[101.645,5.676],[101.65,5.671],[101.652,5.667],[101.644,5.654],[101.646,5.649],[101.643,5.643],[101.649,5.642],[101.651,5.638],[101.656,5.636],[101.659,5.637],[101.663,5.636],[101.664,5.634],[101.668,5.633],[101.67,5.627],[101.672,5.628],[101.676,5.624],[101.677,5.62],[101.67,5.606],[101.672,5.598],[101.666,5.592],[101.665,5.586],[101.668,5.584],[101.665,5.578],[101.659,5.575],[101.659,5.569],[101.656,5.568],[101.657,5.565],[101.652,5.561],[101.649,5.555],[101.66,5.543],[101.667,5.546],[101.674,5.547],[101.677,5.542],[101.684,5.54],[101.689,5.535],[101.693,5.537],[101.696,5.544],[101.701,5.547],[101.706,5.549],[101.716,5.549],[101.716,5.546],[101.72,5.54],[101.726,5.537],[101.729,5.545],[101.736,5.549],[101.741,5.545],[101.743,5.54],[101.745,5.527],[101.744,5.513],[101.734,5.498],[101.738,5.492],[101.739,5.467],[101.743,5.46],[101.743,5.448],[101.741,5.445],[101.742,5.439],[101.74,5.437],[101.739,5.428],[101.745,5.413],[101.754,5.408],[101.751,5.403],[101.745,5.399],[101.745,5.394],[101.74,5.385],[101.727,5.382],[101.722,5.377],[101.714,5.374],[101.707,5.369],[101.707,5.366],[101.702,5.361],[101.682,5.363],[101.679,5.356],[101.674,5.352],[101.672,5.353],[101.671,5.357],[101.668,5.361],[101.66,5.363],[101.658,5.368],[101.653,5.37],[101.644,5.368],[101.643,5.365],[101.637,5.365],[101.631,5.368],[101.616,5.391],[101.61,5.394],[101.608,5.384],[101.61,5.367],[101.6,5.351],[101.601,5.348],[101.595,5.347],[101.591,5.344],[101.585,5.346],[101.58,5.345],[101.576,5.341],[101.571,5.313],[101.575,5.303],[101.573,5.301],[101.571,5.297],[101.563,5.3],[101.56,5.294],[101.55,5.29],[101.549,5.285],[101.551,5.276],[101.549,5.271],[101.546,5.272],[101.542,5.269],[101.537,5.27],[101.535,5.278],[101.53,5.282],[101.527,5.278],[101.524,5.278],[101.525,5.269],[101.523,5.262],[101.526,5.253],[101.525,5.249],[101.52,5.245],[101.514,5.236],[101.518,5.22],[101.514,5.209],[101.514,5.202],[101.511,5.199],[101.508,5.191],[101.501,5.189],[101.498,5.184],[101.498,5.176],[101.492,5.172],[101.492,5.166],[101.496,5.16],[101.489,5.152],[101.488,5.147],[101.488,5.141],[101.491,5.138],[101.493,5.131],[101.491,5.116],[101.486,5.106],[101.488,5.102],[101.486,5.096],[101.492,5.086],[101.488,5.078],[101.478,5.071],[101.474,5.062],[101.476,5.051],[101.473,5.041],[101.474,5.025],[101.471,5.015],[101.466,5.005],[101.46,4.999],[101.444,4.997],[101.439,4.989],[101.433,4.99],[101.425,4.987],[101.422,4.984],[101.426,4.972],[101.434,4.966],[101.437,4.962],[101.442,4.96],[101.445,4.958],[101.448,4.952],[101.449,4.946],[101.444,4.942],[101.446,4.936],[101.448,4.935],[101.451,4.925],[101.454,4.922],[101.455,4.91],[101.454,4.905],[101.451,4.9],[101.453,4.892],[101.446,4.884],[101.445,4.878],[101.436,4.879],[101.436,4.875],[101.438,4.87],[101.436,4.866],[101.443,4.861],[101.446,4.858],[101.44,4.857],[101.434,4.859],[101.433,4.858],[101.429,4.859],[101.43,4.857],[101.424,4.852],[101.421,4.854],[101.419,4.852],[101.413,4.855],[101.41,4.854],[101.409,4.849],[101.412,4.843],[101.406,4.844],[101.402,4.842],[101.403,4.839],[101.4,4.833],[101.407,4.824],[101.41,4.816],[101.415,4.811],[101.413,4.801],[101.406,4.792],[101.405,4.785],[101.396,4.773],[101.397,4.763],[101.395,4.761],[101.387,4.762],[101.374,4.759],[101.377,4.752],[101.38,4.74],[101.385,4.733],[101.387,4.724],[101.387,4.717],[101.381,4.713],[101.38,4.708],[101.376,4.705],[101.372,4.706],[101.369,4.711],[101.366,4.711],[101.357,4.704],[101.352,4.703],[101.35,4.704],[101.347,4.709],[101.345,4.71],[101.339,4.704],[101.34,4.697],[101.335,4.693],[101.336,4.685],[101.335,4.681],[101.34,4.678],[101.344,4.672],[101.347,4.67],[101.352,4.661],[101.355,4.66],[101.358,4.656],[101.36,4.652],[101.361,4.641],[101.364,4.636],[101.37,4.634],[101.375,4.629],[101.369,4.618],[101.372,4.61],[101.366,4.607],[101.365,4.603],[101.36,4.601],[101.354,4.593],[101.349,4.592],[101.354,4.574],[101.355,4.563],[101.353,4.554],[101.354,4.548],[101.357,4.545],[101.357,4.54],[101.364,4.529],[101.372,4.529],[101.38,4.524],[101.384,4.507],[101.38,4.504],[101.376,4.498],[101.367,4.498],[101.359,4.495],[101.366,4.485],[101.356,4.476],[101.353,4.459],[101.346,4.453],[101.338,4.451],[101.335,4.449],[101.335,4.446],[101.332,4.447],[101.331,4.446],[101.33,4.433],[101.333,4.43],[101.34,4.432],[101.352,4.426],[101.353,4.419],[101.348,4.411],[101.349,4.409],[101.355,4.406],[101.354,4.402],[101.357,4.395],[101.367,4.397],[101.37,4.403],[101.381,4.407],[101.386,4.406],[101.391,4.408],[101.396,4.401],[101.4,4.401],[101.407,4.395],[101.407,4.391],[101.41,4.39],[101.419,4.392],[101.437,4.389],[101.438,4.384],[101.443,4.377],[101.439,4.375],[101.437,4.372],[101.434,4.366],[101.434,4.361],[101.432,4.358],[101.433,4.355],[101.428,4.35],[101.422,4.348],[101.42,4.343],[101.424,4.339],[101.431,4.337],[101.442,4.33],[101.444,4.317],[101.448,4.312],[101.447,4.305],[101.45,4.301],[101.446,4.292],[101.447,4.285],[101.443,4.272],[101.445,4.269],[101.45,4.266],[101.455,4.26],[101.463,4.255],[101.461,4.246],[101.452,4.241],[101.451,4.239],[101.451,4.223],[101.453,4.22],[101.457,4.219],[101.462,4.213],[101.468,4.215],[101.476,4.21],[101.486,4.208],[101.49,4.211],[101.491,4.208],[101.496,4.206],[101.502,4.207],[101.507,4.206],[101.509,4.199],[101.505,4.198],[101.503,4.19],[101.502,4.188],[101.498,4.187],[101.496,4.185],[101.498,4.175],[101.495,4.17],[101.497,4.164],[101.494,4.161],[101.496,4.153],[101.502,4.152],[101.505,4.132],[101.512,4.125],[101.514,4.118],[101.518,4.119],[101.526,4.126],[101.533,4.126],[101.534,4.123],[101.538,4.122],[101.54,4.119],[101.559,4.108],[101.56,4.102],[101.563,4.099],[101.566,4.099],[101.569,4.096],[101.573,4.097],[101.575,4.093],[101.578,4.085],[101.577,4.08],[101.581,4.074],[101.576,4.068],[101.576,4.063],[101.571,4.058],[101.565,4.044],[101.561,4.039],[101.562,4.035],[101.556,4.031],[101.555,4.028],[101.558,4.012],[101.562,4.01],[101.563,4.004],[101.573,4],[101.57,3.989],[101.575,3.981],[101.574,3.967],[101.577,3.965],[101.576,3.962],[101.579,3.958],[101.573,3.952],[101.578,3.947],[101.575,3.944],[101.572,3.944],[101.576,3.935],[101.575,3.93],[101.579,3.924],[101.573,3.916],[101.58,3.909],[101.577,3.905],[101.58,3.898],[101.601,3.883],[101.606,3.876],[101.599,3.857],[101.603,3.849],[101.602,3.844],[101.597,3.843],[101.591,3.836],[101.596,3.83],[101.598,3.825],[101.598,3.814],[101.593,3.803],[101.603,3.797],[101.613,3.796],[101.616,3.791],[101.624,3.783],[101.624,3.78],[101.626,3.779],[101.625,3.775],[101.627,3.771],[101.624,3.77],[101.624,3.773],[101.618,3.773],[101.609,3.775],[101.605,3.774],[101.599,3.762],[101.597,3.751],[101.582,3.738],[101.581,3.732],[101.582,3.727],[101.579,3.724],[101.578,3.721],[101.572,3.72],[101.568,3.711],[101.562,3.709],[101.56,3.703],[101.554,3.704],[101.549,3.7],[101.548,3.702],[101.546,3.699],[101.547,3.697],[101.539,3.687],[101.539,3.683],[101.537,3.683],[101.534,3.68],[101.532,3.682],[101.526,3.681],[101.522,3.678],[101.519,3.678],[101.514,3.686],[101.505,3.693],[101.502,3.693],[101.498,3.699],[101.493,3.7],[101.49,3.698],[101.483,3.702],[101.48,3.702],[101.475,3.71],[101.475,3.713],[101.469,3.717],[101.464,3.716],[101.464,3.714],[101.46,3.716],[101.46,3.718],[101.457,3.721],[101.458,3.723],[101.456,3.725],[101.457,3.726],[101.455,3.726],[101.456,3.727],[101.453,3.73],[101.454,3.733],[101.449,3.737],[101.449,3.739],[101.445,3.74],[101.445,3.745],[101.443,3.747],[101.441,3.752],[101.439,3.751],[101.436,3.754],[101.429,3.752],[101.427,3.753],[101.424,3.751],[101.425,3.752],[101.422,3.751],[101.42,3.752],[101.419,3.759],[101.415,3.758],[101.414,3.761],[101.413,3.759],[101.409,3.759],[101.403,3.763],[101.403,3.765],[101.405,3.765],[101.404,3.766],[101.4,3.766],[101.398,3.77],[101.394,3.771],[101.392,3.774],[101.387,3.771],[101.386,3.773],[101.387,3.773],[101.387,3.775],[101.385,3.776],[101.386,3.777],[101.385,3.779],[101.387,3.783],[101.383,3.785],[101.384,3.786],[101.383,3.788],[101.384,3.789],[101.383,3.792],[101.38,3.791],[101.381,3.792],[101.38,3.795],[101.377,3.796],[101.374,3.802],[101.37,3.8],[101.369,3.802],[101.369,3.803],[101.366,3.801],[101.362,3.805],[101.357,3.801],[101.356,3.803],[101.355,3.8],[101.352,3.8],[101.349,3.794],[101.347,3.798],[101.34,3.794],[101.338,3.795],[101.336,3.79],[101.334,3.791],[101.333,3.788],[101.331,3.788],[101.326,3.786],[101.327,3.779],[101.324,3.778],[101.325,3.775],[101.323,3.775],[101.323,3.773],[101.321,3.773],[101.32,3.768],[101.323,3.767],[101.325,3.768],[101.328,3.761],[101.327,3.754],[101.329,3.754],[101.33,3.751],[101.331,3.753],[101.332,3.749],[101.333,3.75],[101.337,3.749],[101.338,3.747],[101.337,3.737],[101.34,3.729],[101.34,3.726],[101.345,3.714],[101.345,3.709],[101.339,3.695],[101.333,3.69],[101.331,3.693],[101.327,3.69],[101.321,3.692],[101.317,3.687],[101.31,3.686],[101.31,3.683],[101.306,3.676],[101.302,3.674],[101.299,3.674],[101.297,3.678],[101.292,3.679],[101.292,3.677],[101.287,3.677],[101.281,3.674],[101.281,3.67],[101.273,3.669],[101.272,3.671],[101.27,3.669],[101.266,3.671],[101.263,3.669],[101.259,3.671],[101.258,3.674],[101.253,3.673],[101.248,3.677],[101.246,3.684],[101.246,3.689],[101.248,3.692],[101.247,3.693],[101.247,3.697],[101.243,3.702],[101.245,3.702],[101.247,3.706],[101.245,3.708],[101.248,3.715],[101.248,3.719],[101.24,3.72],[101.229,3.715],[101.222,3.714],[101.217,3.71],[101.213,3.709],[101.212,3.716],[101.209,3.715],[101.207,3.715],[101.205,3.72],[101.203,3.72],[101.202,3.722],[101.2,3.722],[101.199,3.725],[101.199,3.727],[101.198,3.728],[101.196,3.724],[101.198,3.718],[101.193,3.719],[101.192,3.722],[101.191,3.722],[101.175,3.711],[101.171,3.715],[101.171,3.72],[101.176,3.717],[101.182,3.725],[101.19,3.73],[101.19,3.732],[101.171,3.729],[101.171,3.734],[101.167,3.742],[101.167,3.748],[101.165,3.75],[101.163,3.745],[101.164,3.74],[101.163,3.726],[101.157,3.742],[101.154,3.745],[101.152,3.742],[101.154,3.731],[101.153,3.729],[101.148,3.733],[101.135,3.736],[101.135,3.738],[101.145,3.747],[101.136,3.753],[101.134,3.762],[101.132,3.764],[101.128,3.753],[101.124,3.747],[101.124,3.74],[101.123,3.738],[101.12,3.738],[101.113,3.746],[101.109,3.746],[101.107,3.741],[101.107,3.734],[101.104,3.732],[101.1,3.735],[101.099,3.744],[101.092,3.741],[101.086,3.742],[101.082,3.731],[101.08,3.729],[101.077,3.729],[101.074,3.732],[101.074,3.735],[101.08,3.746],[101.075,3.759],[101.092,3.755],[101.098,3.749],[101.101,3.749],[101.101,3.752],[101.089,3.766],[101.089,3.772],[101.092,3.779],[101.089,3.782],[101.085,3.78],[101.077,3.767],[101.068,3.765],[101.064,3.754],[101.06,3.754],[101.058,3.755],[101.059,3.771],[101.055,3.781],[101.056,3.784],[101.06,3.789],[101.061,3.793],[101.059,3.795],[101.052,3.792],[101.044,3.786],[101.028,3.783],[101.027,3.786],[101.031,3.793],[101.031,3.797],[101.025,3.805],[101.02,3.805],[101.007,3.799],[100.997,3.801],[100.992,3.799],[100.988,3.795],[100.985,3.773],[100.978,3.77],[100.966,3.772],[100.96,3.783],[100.96,3.796],[100.979,3.807],[100.979,3.813],[100.977,3.82],[100.971,3.825],[100.962,3.829],[100.949,3.829],[100.944,3.831],[100.94,3.836],[100.941,3.844],[100.947,3.864],[100.945,3.869],[100.941,3.87],[100.934,3.87],[100.908,3.86],[100.885,3.854],[100.864,3.855],[100.847,3.85],[100.819,3.849],[100.818,3.851],[100.808,3.849],[100.796,3.837],[100.786,3.824],[100.762,3.835],[100.743,3.841],[100.733,3.848],[100.723,3.841],[100.694,3.887],[100.698,3.891],[100.696,3.899],[100.696,3.907],[100.697,4.013],[100.701,4.024],[100.707,4.029],[100.714,4.031],[100.737,4.019],[100.758,4.013],[100.761,4.042]]],[[[100.552,4.194],[100.551,4.19],[100.551,4.188],[100.544,4.188],[100.543,4.195],[100.547,4.196],[100.544,4.199],[100.545,4.202],[100.548,4.203],[100.551,4.201],[100.553,4.196],[100.552,4.194]]],[[[100.566,4.253],[100.568,4.253],[100.572,4.249],[100.572,4.242],[100.577,4.236],[100.578,4.221],[100.58,4.216],[100.579,4.213],[100.579,4.208],[100.583,4.204],[100.58,4.199],[100.586,4.192],[100.585,4.189],[100.578,4.191],[100.576,4.191],[100.574,4.189],[100.567,4.191],[100.564,4.196],[100.565,4.198],[100.561,4.21],[100.556,4.213],[100.551,4.214],[100.549,4.212],[100.547,4.216],[100.548,4.221],[100.543,4.226],[100.549,4.229],[100.549,4.238],[100.545,4.242],[100.541,4.243],[100.54,4.246],[100.548,4.247],[100.55,4.253],[100.548,4.255],[100.541,4.258],[100.54,4.261],[100.54,4.264],[100.544,4.266],[100.551,4.265],[100.554,4.262],[100.557,4.254],[100.556,4.252],[100.559,4.249],[100.562,4.249],[100.563,4.251],[100.566,4.253]]]]}},{"type":"Feature","properties":{"id":"sabah","name":"Sabah"},"geometry":{"type":"MultiPolygon","coordinates":[[[[118.68,4.074],[118.682,4.078],[118.697,4.069],[118.688,4.067],[118.68,4.074]]],[[[118.966,4.068],[118.966,4.094],[118.977,4.077],[118.966,4.068]]],[[[118.634,4.241],[118.633,4.244],[118.634,4.245],[118.637,4.244],[118.639,4.241],[118.634,4.241]]],[[[118.77,4.27],[118.769,4.259],[118.761,4.256],[118.757,4.263],[118.77,4.27]]],[[[118.864,4.308],[118.865,4.303],[118.867,4.302],[118.862,4.298],[118.859,4.302],[118.864,4.308]]],[[[118.875,4.314],[118.881,4.311],[118.88,4.307],[118.874,4.308],[118.874,4.314],[118.875,4.314]]],[[[118.652,4.38],[118.65,4.381],[118.653,4.387],[118.662,4.388],[118.661,4.383],[118.655,4.38],[118.652,4.38]]],[[[118.754,4.418],[118.753,4.424],[118.766,4.421],[118.767,4.418],[118.763,4.416],[118.761,4.411],[118.758,4.411],[118.76,4.416],[118.754,4.418]]],[[[118.571,4.341],[118.565,4.333],[118.562,4.334],[118.568,4.341],[118.571,4.341]]],[[[118.591,4.36],[118.594,4.361],[118.595,4.357],[118.592,4.353],[118.581,4.35],[118.58,4.352],[118.591,4.36]]],[[[118.601,4.369],[118.604,4.368],[118.597,4.363],[118.596,4.364],[118.596,4.367],[118.601,4.369]]],[[[118.377,4.598],[118.386,4.586],[118.39,4.591],[118.394,4.588],[118.397,4.582],[118.399,4.578],[118.394,4.574],[118.396,4.573],[118.4,4.573],[118.403,4.57],[118.405,4.575],[118.411,4.582],[118.412,4.59],[118.415,4.595],[118.426,4.597],[118.432,4.596],[118.438,4.587],[118.45,4.58],[118.461,4.566],[118.465,4.566],[118.472,4.571],[118.484,4.563],[118.485,4.559],[118.485,4.553],[118.475,4.532],[118.474,4.526],[118.464,4.521],[118.456,4.527],[118.449,4.529],[118.443,4.526],[118.439,4.531],[118.438,4.52],[118.442,4.52],[118.458,4.507],[118.47,4.505],[118.483,4.49],[118.487,4.478],[118.485,4.46],[118.486,4.452],[118.498,4.435],[118.502,4.432],[118.507,4.43],[118.499,4.437],[118.488,4.456],[118.488,4.467],[118.491,4.477],[118.499,4.476],[118.504,4.479],[118.503,4.483],[118.505,4.486],[118.532,4.518],[118.543,4.52],[118.562,4.516],[118.563,4.511],[118.565,4.515],[118.573,4.514],[118.575,4.512],[118.583,4.512],[118.582,4.51],[118.583,4.508],[118.585,4.509],[118.592,4.506],[118.592,4.503],[118.589,4.502],[118.58,4.498],[118.579,4.5],[118.577,4.495],[118.573,4.494],[118.57,4.486],[118.58,4.484],[118.582,4.493],[118.587,4.492],[118.593,4.488],[118.595,4.483],[118.598,4.48],[118.604,4.479],[118.606,4.481],[118.608,4.48],[118.612,4.476],[118.61,4.475],[118.618,4.47],[118.619,4.468],[118.62,4.469],[118.625,4.46],[118.626,4.461],[118.625,4.458],[118.625,4.46],[118.624,4.459],[118.623,4.453],[118.616,4.448],[118.619,4.446],[118.632,4.451],[118.641,4.443],[118.641,4.436],[118.62,4.414],[118.617,4.402],[118.611,4.399],[118.607,4.4],[118.604,4.402],[118.601,4.411],[118.603,4.421],[118.602,4.423],[118.598,4.422],[118.595,4.423],[118.59,4.435],[118.588,4.435],[118.587,4.425],[118.585,4.424],[118.578,4.423],[118.567,4.428],[118.573,4.418],[118.587,4.408],[118.594,4.395],[118.586,4.392],[118.578,4.381],[118.573,4.378],[118.568,4.378],[118.569,4.373],[118.563,4.37],[118.558,4.368],[118.553,4.368],[118.55,4.374],[118.554,4.378],[118.552,4.379],[118.544,4.373],[118.543,4.368],[118.55,4.348],[118.546,4.347],[118.527,4.347],[118.524,4.345],[118.516,4.346],[118.508,4.35],[118.501,4.357],[118.486,4.356],[118.459,4.349],[118.449,4.345],[118.447,4.342],[118.429,4.341],[118.419,4.333],[118.422,4.329],[118.411,4.322],[118.406,4.327],[118.397,4.327],[118.387,4.33],[118.381,4.341],[118.377,4.344],[118.369,4.343],[118.362,4.344],[118.362,4.342],[118.356,4.338],[118.353,4.339],[118.336,4.351],[118.327,4.349],[118.336,4.347],[118.338,4.345],[118.336,4.34],[118.322,4.331],[118.314,4.323],[118.303,4.321],[118.302,4.327],[118.294,4.321],[118.265,4.317],[118.235,4.309],[118.22,4.303],[118.214,4.298],[118.218,4.292],[118.205,4.294],[118.189,4.292],[118.179,4.293],[118.172,4.297],[118.175,4.303],[118.171,4.303],[118.165,4.298],[118.156,4.295],[118.143,4.288],[118.132,4.288],[118.115,4.282],[118.061,4.253],[118.017,4.236],[117.991,4.224],[117.984,4.223],[117.96,4.228],[117.949,4.239],[117.925,4.248],[117.921,4.252],[117.909,4.249],[117.899,4.243],[117.892,4.244],[117.893,4.246],[117.891,4.246],[117.889,4.246],[117.889,4.244],[117.882,4.243],[117.881,4.243],[117.88,4.245],[117.878,4.244],[117.875,4.245],[117.872,4.255],[117.869,4.257],[117.869,4.262],[117.866,4.262],[117.868,4.264],[117.865,4.263],[117.867,4.265],[117.864,4.264],[117.863,4.268],[117.856,4.275],[117.855,4.28],[117.844,4.291],[117.831,4.302],[117.813,4.306],[117.806,4.311],[117.798,4.326],[117.795,4.345],[117.792,4.35],[117.789,4.344],[117.762,4.349],[117.76,4.347],[117.754,4.352],[117.747,4.352],[117.743,4.354],[117.741,4.352],[117.737,4.352],[117.733,4.365],[117.726,4.382],[117.72,4.39],[117.713,4.392],[117.705,4.409],[117.699,4.398],[117.707,4.374],[117.705,4.374],[117.704,4.371],[117.701,4.371],[117.699,4.375],[117.688,4.376],[117.681,4.385],[117.671,4.391],[117.67,4.395],[117.676,4.4],[117.673,4.403],[117.675,4.415],[117.672,4.422],[117.665,4.427],[117.648,4.433],[117.651,4.439],[117.647,4.434],[117.642,4.42],[117.636,4.421],[117.627,4.42],[117.625,4.419],[117.623,4.415],[117.619,4.416],[117.618,4.41],[117.609,4.415],[117.602,4.413],[117.598,4.41],[117.591,4.411],[117.591,4.408],[117.597,4.406],[117.614,4.402],[117.618,4.397],[117.613,4.394],[117.603,4.392],[117.589,4.4],[117.583,4.398],[117.579,4.393],[117.58,4.386],[117.592,4.39],[117.596,4.37],[117.59,4.365],[117.587,4.366],[117.589,4.362],[117.58,4.36],[117.581,4.359],[117.585,4.357],[117.592,4.358],[117.598,4.353],[117.598,4.351],[117.6,4.351],[117.604,4.347],[117.602,4.343],[117.596,4.338],[117.594,4.328],[117.59,4.33],[117.588,4.322],[117.595,4.322],[117.594,4.319],[117.588,4.316],[117.581,4.316],[117.576,4.317],[117.571,4.32],[117.567,4.314],[117.563,4.312],[117.553,4.324],[117.551,4.313],[117.556,4.308],[117.569,4.304],[117.575,4.301],[117.578,4.298],[117.578,4.296],[117.582,4.295],[117.604,4.277],[117.611,4.283],[117.624,4.282],[117.631,4.277],[117.633,4.28],[117.64,4.276],[117.644,4.268],[117.642,4.261],[117.644,4.263],[117.645,4.259],[117.644,4.254],[117.626,4.245],[117.612,4.232],[117.597,4.235],[117.577,4.247],[117.569,4.257],[117.553,4.266],[117.552,4.259],[117.55,4.256],[117.546,4.255],[117.544,4.252],[117.538,4.251],[117.536,4.247],[117.531,4.247],[117.521,4.25],[117.511,4.257],[117.509,4.256],[117.501,4.259],[117.491,4.266],[117.502,4.251],[117.512,4.251],[117.528,4.241],[117.531,4.241],[117.537,4.243],[117.552,4.253],[117.557,4.253],[117.602,4.221],[117.602,4.216],[117.6,4.216],[117.6,4.208],[117.595,4.203],[117.591,4.203],[117.564,4.216],[117.553,4.227],[117.548,4.228],[117.541,4.211],[117.538,4.212],[117.528,4.219],[117.527,4.215],[117.523,4.212],[117.516,4.211],[117.511,4.215],[117.512,4.211],[117.515,4.209],[117.515,4.207],[117.505,4.21],[117.501,4.209],[117.501,4.208],[117.516,4.204],[117.533,4.192],[117.532,4.183],[117.527,4.178],[117.524,4.177],[117.517,4.171],[117.472,4.18],[117.462,4.184],[117.448,4.193],[117.439,4.199],[117.432,4.207],[117.422,4.233],[117.415,4.237],[117.406,4.252],[117.382,4.263],[117.366,4.28],[117.36,4.284],[117.344,4.289],[117.322,4.301],[117.296,4.311],[117.286,4.321],[117.282,4.332],[117.275,4.339],[117.267,4.352],[117.249,4.366],[117.239,4.368],[117.229,4.364],[117.22,4.356],[117.211,4.344],[117.196,4.337],[117.174,4.336],[117.152,4.351],[117.125,4.336],[117.112,4.333],[117.099,4.332],[117.081,4.335],[117.051,4.342],[117.041,4.346],[117.032,4.347],[117.023,4.343],[117.018,4.336],[117.016,4.331],[117.009,4.322],[117.002,4.321],[116.996,4.326],[116.998,4.338],[116.995,4.344],[116.99,4.345],[116.979,4.341],[116.971,4.34],[116.961,4.335],[116.95,4.334],[116.941,4.34],[116.931,4.353],[116.918,4.354],[116.892,4.361],[116.858,4.335],[116.839,4.334],[116.833,4.326],[116.817,4.328],[116.798,4.345],[116.788,4.338],[116.776,4.336],[116.771,4.337],[116.766,4.345],[116.753,4.372],[116.739,4.381],[116.73,4.372],[116.723,4.358],[116.712,4.343],[116.688,4.333],[116.67,4.334],[116.652,4.345],[116.628,4.336],[116.628,4.335],[116.614,4.334],[116.605,4.343],[116.605,4.353],[116.6,4.374],[116.589,4.372],[116.579,4.368],[116.575,4.37],[116.568,4.382],[116.561,4.398],[116.557,4.403],[116.551,4.4],[116.547,4.388],[116.534,4.379],[116.524,4.369],[116.516,4.354],[116.522,4.338],[116.529,4.328],[116.524,4.322],[116.506,4.318],[116.488,4.321],[116.481,4.329],[116.474,4.321],[116.469,4.309],[116.453,4.294],[116.442,4.294],[116.429,4.287],[116.422,4.294],[116.423,4.311],[116.419,4.322],[116.401,4.333],[116.392,4.343],[116.384,4.356],[116.377,4.355],[116.369,4.361],[116.366,4.37],[116.361,4.375],[116.351,4.376],[116.342,4.382],[116.327,4.384],[116.315,4.38],[116.304,4.367],[116.279,4.366],[116.264,4.358],[116.252,4.361],[116.235,4.373],[116.232,4.371],[116.228,4.371],[116.212,4.375],[116.202,4.375],[116.196,4.371],[116.187,4.371],[116.181,4.376],[116.17,4.375],[116.16,4.38],[116.156,4.387],[116.152,4.381],[116.15,4.375],[116.146,4.348],[116.14,4.339],[116.128,4.331],[116.116,4.33],[116.104,4.33],[116.099,4.326],[116.086,4.308],[116.08,4.302],[116.076,4.294],[116.074,4.285],[116.066,4.274],[116.053,4.274],[116.044,4.281],[116.023,4.292],[116.02,4.302],[116.02,4.321],[116.014,4.329],[115.993,4.337],[115.982,4.348],[115.97,4.352],[115.944,4.355],[115.932,4.351],[115.922,4.351],[115.91,4.357],[115.902,4.368],[115.9,4.377],[115.893,4.387],[115.887,4.391],[115.882,4.386],[115.873,4.385],[115.862,4.381],[115.856,4.37],[115.856,4.355],[115.849,4.338],[115.849,4.326],[115.853,4.309],[115.857,4.303],[115.851,4.298],[115.84,4.296],[115.834,4.29],[115.833,4.279],[115.826,4.272],[115.813,4.266],[115.81,4.259],[115.811,4.24],[115.807,4.235],[115.798,4.23],[115.79,4.229],[115.782,4.236],[115.779,4.244],[115.764,4.245],[115.762,4.235],[115.759,4.23],[115.756,4.221],[115.751,4.214],[115.745,4.211],[115.741,4.214],[115.734,4.212],[115.731,4.21],[115.73,4.201],[115.728,4.196],[115.724,4.193],[115.716,4.194],[115.709,4.193],[115.703,4.195],[115.696,4.186],[115.696,4.181],[115.69,4.176],[115.687,4.171],[115.688,4.166],[115.682,4.161],[115.681,4.154],[115.682,4.145],[115.68,4.141],[115.684,4.133],[115.676,4.124],[115.676,4.115],[115.674,4.113],[115.662,4.123],[115.662,4.12],[115.646,4.126],[115.635,4.127],[115.63,4.133],[115.634,4.141],[115.634,4.149],[115.625,4.158],[115.623,4.167],[115.614,4.171],[115.617,4.185],[115.625,4.197],[115.626,4.204],[115.625,4.219],[115.627,4.236],[115.622,4.245],[115.634,4.258],[115.651,4.281],[115.651,4.294],[115.656,4.302],[115.652,4.319],[115.652,4.333],[115.643,4.343],[115.632,4.345],[115.621,4.349],[115.619,4.353],[115.614,4.352],[115.608,4.347],[115.603,4.345],[115.596,4.347],[115.593,4.353],[115.594,4.361],[115.577,4.365],[115.572,4.372],[115.575,4.392],[115.581,4.41],[115.58,4.423],[115.572,4.444],[115.566,4.447],[115.564,4.453],[115.558,4.466],[115.546,4.481],[115.546,4.488],[115.563,4.5],[115.561,4.511],[115.565,4.519],[115.56,4.529],[115.559,4.535],[115.552,4.544],[115.55,4.555],[115.554,4.563],[115.554,4.571],[115.546,4.576],[115.534,4.591],[115.53,4.598],[115.534,4.61],[115.539,4.618],[115.549,4.639],[115.556,4.649],[115.563,4.654],[115.587,4.68],[115.598,4.703],[115.6,4.715],[115.603,4.719],[115.603,4.728],[115.614,4.744],[115.621,4.762],[115.625,4.766],[115.639,4.769],[115.641,4.771],[115.643,4.788],[115.641,4.798],[115.642,4.81],[115.639,4.819],[115.639,4.844],[115.625,4.86],[115.623,4.893],[115.618,4.911],[115.61,4.921],[115.609,4.937],[115.61,4.948],[115.608,4.958],[115.603,4.967],[115.586,4.977],[115.58,4.986],[115.579,4.987],[115.573,4.984],[115.568,4.985],[115.565,4.992],[115.562,4.99],[115.557,4.982],[115.492,4.955],[115.452,4.96],[115.441,4.965],[115.439,4.968],[115.439,4.974],[115.445,4.985],[115.45,5.008],[115.453,5.01],[115.467,5.014],[115.475,5.023],[115.479,5.02],[115.488,5.023],[115.491,5.021],[115.499,5.024],[115.501,5.03],[115.516,5.045],[115.521,5.063],[115.525,5.061],[115.528,5.061],[115.534,5.066],[115.537,5.071],[115.538,5.08],[115.541,5.088],[115.541,5.1],[115.543,5.109],[115.541,5.131],[115.543,5.137],[115.557,5.148],[115.559,5.162],[115.557,5.175],[115.56,5.181],[115.562,5.18],[115.564,5.175],[115.566,5.174],[115.582,5.174],[115.584,5.177],[115.586,5.176],[115.585,5.17],[115.589,5.176],[115.583,5.181],[115.584,5.183],[115.583,5.187],[115.58,5.191],[115.586,5.198],[115.586,5.201],[115.579,5.198],[115.577,5.198],[115.579,5.2],[115.575,5.201],[115.576,5.204],[115.583,5.209],[115.596,5.215],[115.594,5.216],[115.608,5.22],[115.6,5.221],[115.605,5.225],[115.6,5.226],[115.597,5.229],[115.599,5.224],[115.591,5.217],[115.587,5.217],[115.582,5.22],[115.576,5.227],[115.579,5.234],[115.572,5.236],[115.568,5.239],[115.568,5.236],[115.572,5.234],[115.576,5.233],[115.574,5.226],[115.572,5.224],[115.567,5.223],[115.564,5.23],[115.565,5.223],[115.557,5.222],[115.555,5.223],[115.557,5.228],[115.556,5.232],[115.552,5.237],[115.554,5.228],[115.552,5.222],[115.559,5.216],[115.566,5.214],[115.563,5.211],[115.564,5.209],[115.559,5.202],[115.556,5.202],[115.551,5.205],[115.554,5.197],[115.553,5.195],[115.551,5.197],[115.55,5.202],[115.547,5.192],[115.54,5.195],[115.541,5.197],[115.538,5.196],[115.537,5.197],[115.535,5.195],[115.532,5.196],[115.536,5.203],[115.537,5.208],[115.529,5.209],[115.531,5.205],[115.534,5.205],[115.53,5.198],[115.525,5.198],[115.525,5.2],[115.512,5.192],[115.51,5.193],[115.513,5.197],[115.513,5.201],[115.508,5.193],[115.509,5.202],[115.499,5.201],[115.497,5.205],[115.495,5.201],[115.491,5.202],[115.482,5.201],[115.478,5.203],[115.48,5.206],[115.476,5.208],[115.474,5.21],[115.475,5.215],[115.47,5.215],[115.471,5.217],[115.469,5.218],[115.462,5.219],[115.458,5.223],[115.456,5.223],[115.457,5.228],[115.462,5.227],[115.461,5.23],[115.466,5.242],[115.462,5.236],[115.457,5.235],[115.45,5.238],[115.45,5.24],[115.453,5.241],[115.453,5.243],[115.449,5.241],[115.446,5.241],[115.444,5.238],[115.441,5.238],[115.443,5.244],[115.438,5.245],[115.437,5.248],[115.434,5.25],[115.434,5.255],[115.431,5.254],[115.424,5.257],[115.429,5.265],[115.433,5.267],[115.436,5.272],[115.421,5.26],[115.418,5.261],[115.42,5.264],[115.419,5.265],[115.42,5.272],[115.427,5.28],[115.423,5.279],[115.416,5.269],[115.405,5.284],[115.401,5.282],[115.395,5.284],[115.388,5.289],[115.381,5.291],[115.38,5.294],[115.38,5.297],[115.392,5.308],[115.397,5.325],[115.398,5.333],[115.391,5.328],[115.385,5.327],[115.38,5.322],[115.379,5.319],[115.379,5.31],[115.376,5.301],[115.37,5.297],[115.354,5.294],[115.34,5.297],[115.339,5.299],[115.354,5.31],[115.357,5.319],[115.36,5.322],[115.364,5.327],[115.364,5.343],[115.362,5.346],[115.368,5.358],[115.37,5.372],[115.368,5.383],[115.365,5.386],[115.374,5.403],[115.381,5.407],[115.384,5.411],[115.407,5.415],[115.422,5.424],[115.436,5.439],[115.446,5.453],[115.465,5.472],[115.476,5.485],[115.489,5.494],[115.504,5.51],[115.512,5.515],[115.528,5.529],[115.535,5.531],[115.548,5.543],[115.556,5.553],[115.561,5.563],[115.563,5.569],[115.563,5.575],[115.57,5.579],[115.578,5.591],[115.579,5.598],[115.584,5.605],[115.587,5.615],[115.591,5.62],[115.589,5.623],[115.592,5.626],[115.593,5.632],[115.597,5.63],[115.6,5.632],[115.61,5.625],[115.617,5.624],[115.621,5.614],[115.62,5.605],[115.617,5.604],[115.615,5.597],[115.611,5.593],[115.61,5.583],[115.607,5.576],[115.604,5.573],[115.617,5.563],[115.639,5.55],[115.659,5.542],[115.756,5.534],[115.769,5.531],[115.776,5.532],[115.805,5.541],[115.843,5.558],[115.854,5.566],[115.871,5.582],[115.876,5.597],[115.876,5.604],[115.883,5.623],[115.884,5.632],[115.884,5.639],[115.888,5.65],[115.888,5.656],[115.893,5.668],[115.89,5.673],[115.895,5.69],[115.896,5.703],[115.895,5.728],[115.899,5.742],[115.903,5.749],[115.908,5.755],[115.945,5.768],[115.964,5.778],[115.972,5.783],[115.972,5.787],[115.975,5.787],[115.978,5.784],[115.982,5.787],[115.991,5.794],[115.994,5.798],[116.004,5.805],[116.006,5.811],[116.005,5.814],[116.011,5.825],[116.015,5.825],[116.015,5.827],[116.02,5.826],[116.035,5.832],[116.032,5.836],[116.04,5.847],[116.042,5.847],[116.041,5.865],[116.045,5.872],[116.039,5.89],[116.041,5.894],[116.038,5.897],[116.033,5.898],[116.035,5.901],[116.038,5.902],[116.041,5.91],[116.044,5.912],[116.042,5.911],[116.037,5.913],[116.045,5.932],[116.046,5.938],[116.045,5.948],[116.038,5.956],[116.039,5.958],[116.046,5.958],[116.053,5.962],[116.051,5.963],[116.055,5.971],[116.058,5.979],[116.063,5.98],[116.066,5.974],[116.07,5.982],[116.074,5.985],[116.081,5.999],[116.089,5.998],[116.092,5.993],[116.098,5.992],[116.103,5.995],[116.109,6.001],[116.111,6.013],[116.108,6.016],[116.108,6.025],[116.106,6.026],[116.109,6.028],[116.109,6.033],[116.111,6.034],[116.11,6.039],[116.112,6.043],[116.109,6.051],[116.118,6.06],[116.125,6.061],[116.114,6.069],[116.123,6.078],[116.123,6.086],[116.126,6.089],[116.124,6.091],[116.121,6.091],[116.118,6.096],[116.115,6.096],[116.116,6.092],[116.114,6.092],[116.114,6.089],[116.116,6.085],[116.104,6.076],[116.102,6.077],[116.101,6.086],[116.097,6.089],[116.095,6.094],[116.091,6.094],[116.089,6.096],[116.087,6.101],[116.087,6.106],[116.084,6.108],[116.085,6.11],[116.09,6.111],[116.093,6.12],[116.095,6.121],[116.097,6.12],[116.099,6.116],[116.105,6.116],[116.114,6.121],[116.133,6.141],[116.136,6.142],[116.137,6.14],[116.136,6.145],[116.143,6.153],[116.141,6.157],[116.141,6.16],[116.152,6.167],[116.163,6.177],[116.185,6.223],[116.19,6.227],[116.194,6.235],[116.197,6.238],[116.2,6.238],[116.2,6.236],[116.204,6.236],[116.209,6.238],[116.209,6.24],[116.205,6.237],[116.202,6.238],[116.201,6.241],[116.205,6.245],[116.221,6.254],[116.23,6.261],[116.232,6.268],[116.229,6.27],[116.234,6.279],[116.241,6.282],[116.241,6.285],[116.254,6.286],[116.258,6.289],[116.259,6.291],[116.261,6.289],[116.264,6.289],[116.27,6.29],[116.274,6.292],[116.275,6.294],[116.278,6.295],[116.28,6.298],[116.28,6.301],[116.277,6.303],[116.277,6.306],[116.279,6.308],[116.283,6.305],[116.286,6.306],[116.289,6.313],[116.288,6.318],[116.29,6.32],[116.295,6.315],[116.297,6.315],[116.298,6.31],[116.295,6.308],[116.296,6.304],[116.298,6.297],[116.309,6.298],[116.311,6.305],[116.309,6.305],[116.308,6.309],[116.311,6.308],[116.312,6.302],[116.321,6.3],[116.323,6.304],[116.321,6.304],[116.321,6.308],[116.326,6.307],[116.327,6.309],[116.33,6.309],[116.328,6.314],[116.319,6.314],[116.322,6.32],[116.319,6.323],[116.312,6.324],[116.31,6.322],[116.309,6.322],[116.312,6.326],[116.321,6.329],[116.33,6.336],[116.327,6.34],[116.325,6.339],[116.319,6.342],[116.312,6.34],[116.315,6.344],[116.324,6.346],[116.328,6.35],[116.327,6.351],[116.323,6.349],[116.314,6.358],[116.311,6.357],[116.315,6.361],[116.315,6.363],[116.319,6.364],[116.321,6.368],[116.32,6.37],[116.322,6.373],[116.326,6.367],[116.331,6.37],[116.332,6.364],[116.334,6.361],[116.338,6.361],[116.338,6.363],[116.342,6.364],[116.343,6.367],[116.347,6.367],[116.345,6.371],[116.346,6.374],[116.342,6.376],[116.342,6.378],[116.337,6.38],[116.338,6.383],[116.335,6.384],[116.337,6.388],[116.347,6.386],[116.351,6.387],[116.352,6.389],[116.349,6.393],[116.349,6.395],[116.356,6.396],[116.358,6.393],[116.36,6.395],[116.383,6.41],[116.387,6.414],[116.391,6.415],[116.393,6.418],[116.424,6.437],[116.477,6.473],[116.49,6.487],[116.494,6.493],[116.497,6.503],[116.502,6.527],[116.501,6.528],[116.499,6.526],[116.496,6.529],[116.495,6.533],[116.503,6.537],[116.502,6.541],[116.505,6.542],[116.505,6.545],[116.507,6.545],[116.508,6.548],[116.51,6.547],[116.513,6.55],[116.515,6.554],[116.513,6.559],[116.516,6.558],[116.519,6.559],[116.522,6.563],[116.524,6.568],[116.528,6.568],[116.534,6.574],[116.534,6.576],[116.538,6.58],[116.545,6.601],[116.545,6.603],[116.543,6.604],[116.545,6.606],[116.544,6.608],[116.555,6.614],[116.566,6.625],[116.565,6.629],[116.57,6.632],[116.571,6.635],[116.57,6.637],[116.573,6.639],[116.574,6.642],[116.573,6.644],[116.576,6.647],[116.574,6.65],[116.58,6.649],[116.583,6.651],[116.585,6.656],[116.59,6.659],[116.59,6.66],[116.593,6.657],[116.597,6.657],[116.602,6.66],[116.606,6.666],[116.608,6.665],[116.618,6.669],[116.62,6.676],[116.624,6.678],[116.626,6.684],[116.629,6.686],[116.633,6.696],[116.632,6.699],[116.639,6.705],[116.641,6.731],[116.632,6.749],[116.627,6.752],[116.631,6.762],[116.624,6.781],[116.625,6.785],[116.632,6.785],[116.638,6.795],[116.643,6.796],[116.639,6.798],[116.648,6.814],[116.658,6.816],[116.666,6.82],[116.666,6.822],[116.661,6.829],[116.657,6.827],[116.65,6.83],[116.641,6.836],[116.64,6.839],[116.639,6.85],[116.639,6.862],[116.648,6.864],[116.661,6.87],[116.676,6.881],[116.69,6.909],[116.704,6.931],[116.703,6.945],[116.699,6.951],[116.701,6.955],[116.705,6.959],[116.717,6.961],[116.721,6.965],[116.719,6.971],[116.721,6.97],[116.722,6.973],[116.717,6.976],[116.719,6.977],[116.723,6.987],[116.723,6.99],[116.725,6.993],[116.726,7.005],[116.722,7.01],[116.725,7.011],[116.728,7.014],[116.734,7.013],[116.74,7.025],[116.738,7.034],[116.751,7.032],[116.774,7.01],[116.778,7.003],[116.788,6.996],[116.794,6.988],[116.798,6.987],[116.805,6.979],[116.826,6.966],[116.83,6.962],[116.831,6.958],[116.835,6.953],[116.837,6.948],[116.835,6.934],[116.848,6.909],[116.852,6.898],[116.855,6.892],[116.853,6.891],[116.853,6.883],[116.847,6.874],[116.845,6.874],[116.845,6.878],[116.838,6.875],[116.839,6.877],[116.836,6.882],[116.824,6.887],[116.817,6.886],[116.818,6.879],[116.81,6.875],[116.811,6.873],[116.809,6.869],[116.801,6.873],[116.8,6.875],[116.788,6.885],[116.781,6.885],[116.775,6.879],[116.783,6.879],[116.791,6.874],[116.791,6.87],[116.787,6.869],[116.785,6.866],[116.795,6.865],[116.796,6.862],[116.791,6.86],[116.789,6.857],[116.79,6.855],[116.796,6.851],[116.801,6.851],[116.808,6.86],[116.824,6.859],[116.831,6.86],[116.835,6.859],[116.837,6.856],[116.855,6.856],[116.854,6.853],[116.84,6.844],[116.837,6.84],[116.839,6.835],[116.843,6.834],[116.848,6.825],[116.856,6.823],[116.864,6.825],[116.866,6.823],[116.854,6.817],[116.85,6.8],[116.851,6.791],[116.856,6.778],[116.857,6.772],[116.855,6.77],[116.849,6.769],[116.845,6.761],[116.839,6.752],[116.831,6.742],[116.827,6.741],[116.818,6.734],[116.814,6.728],[116.808,6.712],[116.798,6.7],[116.797,6.692],[116.789,6.68],[116.787,6.669],[116.782,6.667],[116.78,6.664],[116.769,6.665],[116.771,6.662],[116.779,6.661],[116.779,6.659],[116.762,6.646],[116.761,6.638],[116.758,6.633],[116.756,6.632],[116.754,6.628],[116.756,6.612],[116.754,6.61],[116.753,6.596],[116.748,6.589],[116.754,6.592],[116.751,6.587],[116.754,6.585],[116.754,6.583],[116.756,6.582],[116.754,6.578],[116.761,6.578],[116.76,6.576],[116.763,6.573],[116.761,6.569],[116.759,6.568],[116.762,6.566],[116.769,6.58],[116.77,6.578],[116.773,6.569],[116.775,6.567],[116.777,6.562],[116.779,6.565],[116.781,6.563],[116.783,6.565],[116.788,6.565],[116.797,6.559],[116.798,6.552],[116.799,6.563],[116.81,6.565],[116.809,6.559],[116.812,6.564],[116.816,6.564],[116.815,6.57],[116.819,6.572],[116.818,6.574],[116.823,6.572],[116.824,6.567],[116.825,6.569],[116.83,6.569],[116.827,6.57],[116.827,6.579],[116.834,6.574],[116.837,6.577],[116.84,6.574],[116.84,6.578],[116.845,6.575],[116.848,6.575],[116.85,6.58],[116.851,6.58],[116.852,6.597],[116.859,6.607],[116.857,6.611],[116.853,6.612],[116.854,6.613],[116.874,6.621],[116.88,6.632],[116.882,6.631],[116.887,6.637],[116.893,6.651],[116.896,6.651],[116.906,6.663],[116.924,6.664],[116.929,6.669],[116.93,6.674],[116.939,6.679],[116.941,6.683],[116.95,6.687],[116.957,6.694],[116.97,6.699],[116.974,6.702],[116.976,6.704],[116.974,6.706],[116.977,6.708],[116.977,6.716],[116.982,6.722],[116.978,6.722],[116.976,6.725],[116.976,6.728],[116.972,6.731],[116.969,6.736],[116.969,6.742],[116.976,6.754],[116.98,6.758],[116.981,6.759],[116.984,6.753],[116.99,6.753],[116.984,6.756],[116.987,6.765],[116.989,6.776],[117.004,6.791],[117.013,6.807],[117.016,6.809],[117.017,6.806],[117.019,6.806],[117.019,6.809],[117.015,6.813],[117.016,6.816],[117.019,6.816],[117.024,6.806],[117.024,6.812],[117.018,6.823],[117.021,6.828],[117.031,6.834],[117.051,6.839],[117.056,6.83],[117.057,6.84],[117.061,6.838],[117.069,6.83],[117.069,6.826],[117.071,6.826],[117.075,6.823],[117.079,6.813],[117.087,6.806],[117.086,6.808],[117.09,6.811],[117.082,6.817],[117.064,6.84],[117.058,6.844],[117.046,6.844],[117.045,6.847],[117.052,6.864],[117.052,6.869],[117.045,6.88],[117.036,6.891],[117.032,6.891],[117.025,6.894],[117.028,6.927],[117.025,6.933],[117.021,6.935],[117.021,6.937],[117.027,6.952],[117.031,6.953],[117.038,6.95],[117.042,6.947],[117.044,6.944],[117.042,6.941],[117.044,6.937],[117.062,6.937],[117.073,6.941],[117.076,6.946],[117.079,6.946],[117.076,6.949],[117.056,6.954],[117.052,6.957],[117.05,6.966],[117.051,6.973],[117.054,6.977],[117.061,6.977],[117.067,6.985],[117.082,6.994],[117.097,6.998],[117.103,6.996],[117.116,6.988],[117.122,6.991],[117.121,6.984],[117.123,6.985],[117.125,6.992],[117.12,7.005],[117.12,7.008],[117.125,7.01],[117.146,7.01],[117.156,6.996],[117.161,6.993],[117.168,6.993],[117.169,6.988],[117.179,6.975],[117.181,6.965],[117.186,6.958],[117.195,6.955],[117.207,6.947],[117.219,6.945],[117.241,6.944],[117.242,6.938],[117.24,6.93],[117.249,6.9],[117.248,6.892],[117.239,6.884],[117.237,6.878],[117.24,6.875],[117.245,6.877],[117.245,6.869],[117.221,6.842],[117.225,6.832],[117.21,6.818],[117.216,6.812],[117.22,6.804],[117.221,6.802],[117.225,6.803],[117.23,6.794],[117.23,6.79],[117.237,6.788],[117.233,6.781],[117.232,6.775],[117.24,6.757],[117.257,6.742],[117.268,6.738],[117.25,6.719],[117.245,6.716],[117.231,6.715],[117.236,6.713],[117.235,6.705],[117.242,6.713],[117.253,6.718],[117.264,6.728],[117.274,6.731],[117.278,6.73],[117.275,6.718],[117.273,6.714],[117.262,6.707],[117.257,6.699],[117.259,6.68],[117.261,6.676],[117.266,6.669],[117.278,6.662],[117.276,6.656],[117.277,6.647],[117.283,6.639],[117.282,6.636],[117.287,6.627],[117.284,6.625],[117.286,6.617],[117.288,6.614],[117.296,6.609],[117.308,6.611],[117.313,6.62],[117.329,6.606],[117.345,6.613],[117.351,6.615],[117.366,6.606],[117.376,6.607],[117.38,6.601],[117.387,6.599],[117.386,6.593],[117.392,6.593],[117.396,6.578],[117.382,6.576],[117.376,6.566],[117.383,6.564],[117.385,6.572],[117.386,6.57],[117.396,6.57],[117.406,6.562],[117.419,6.562],[117.423,6.554],[117.433,6.558],[117.46,6.559],[117.46,6.553],[117.454,6.542],[117.451,6.525],[117.454,6.523],[117.463,6.543],[117.467,6.549],[117.472,6.543],[117.465,6.521],[117.463,6.518],[117.469,6.499],[117.475,6.5],[117.469,6.517],[117.477,6.525],[117.479,6.536],[117.477,6.55],[117.474,6.56],[117.48,6.561],[117.481,6.575],[117.506,6.619],[117.514,6.628],[117.53,6.578],[117.537,6.566],[117.54,6.555],[117.549,6.552],[117.55,6.542],[117.547,6.536],[117.55,6.532],[117.556,6.536],[117.566,6.525],[117.584,6.517],[117.594,6.508],[117.59,6.495],[117.6,6.48],[117.597,6.476],[117.58,6.484],[117.572,6.477],[117.581,6.478],[117.59,6.472],[117.607,6.474],[117.596,6.496],[117.599,6.505],[117.608,6.508],[117.623,6.509],[117.645,6.49],[117.643,6.479],[117.647,6.47],[117.648,6.487],[117.651,6.496],[117.661,6.484],[117.671,6.477],[117.67,6.472],[117.663,6.47],[117.673,6.466],[117.681,6.469],[117.698,6.455],[117.719,6.447],[117.716,6.443],[117.7,6.436],[117.711,6.432],[117.721,6.432],[117.733,6.428],[117.736,6.422],[117.729,6.394],[117.725,6.388],[117.724,6.393],[117.728,6.406],[117.722,6.405],[117.711,6.41],[117.719,6.391],[117.717,6.386],[117.714,6.366],[117.71,6.35],[117.708,6.347],[117.693,6.347],[117.698,6.341],[117.709,6.343],[117.71,6.335],[117.714,6.332],[117.716,6.338],[117.721,6.334],[117.726,6.301],[117.721,6.304],[117.708,6.301],[117.705,6.305],[117.702,6.298],[117.708,6.296],[117.719,6.3],[117.722,6.297],[117.72,6.279],[117.716,6.275],[117.713,6.267],[117.708,6.262],[117.697,6.28],[117.689,6.282],[117.678,6.289],[117.674,6.284],[117.679,6.279],[117.682,6.282],[117.686,6.277],[117.695,6.276],[117.697,6.268],[117.697,6.26],[117.702,6.261],[117.705,6.257],[117.711,6.257],[117.714,6.255],[117.712,6.247],[117.702,6.239],[117.696,6.231],[117.694,6.236],[117.68,6.237],[117.677,6.244],[117.663,6.245],[117.656,6.251],[117.66,6.268],[117.648,6.276],[117.653,6.283],[117.652,6.286],[117.644,6.292],[117.644,6.297],[117.64,6.29],[117.642,6.282],[117.641,6.272],[117.649,6.27],[117.654,6.268],[117.65,6.257],[117.651,6.24],[117.644,6.244],[117.641,6.248],[117.633,6.235],[117.616,6.237],[117.617,6.234],[117.623,6.229],[117.623,6.222],[117.617,6.217],[117.613,6.215],[117.608,6.218],[117.6,6.226],[117.589,6.226],[117.589,6.222],[117.598,6.222],[117.599,6.213],[117.595,6.201],[117.579,6.183],[117.573,6.184],[117.569,6.19],[117.559,6.182],[117.563,6.178],[117.565,6.183],[117.576,6.176],[117.573,6.166],[117.556,6.161],[117.544,6.154],[117.539,6.148],[117.562,6.152],[117.583,6.171],[117.599,6.165],[117.602,6.154],[117.598,6.146],[117.6,6.142],[117.606,6.139],[117.614,6.129],[117.621,6.122],[117.621,6.109],[117.611,6.108],[117.605,6.104],[117.599,6.095],[117.597,6.084],[117.601,6.072],[117.597,6.064],[117.587,6.061],[117.576,6.054],[117.547,6.024],[117.538,5.995],[117.523,5.984],[117.516,5.981],[117.521,5.976],[117.542,5.985],[117.545,5.991],[117.55,6.016],[117.557,6.025],[117.563,6.032],[117.571,6.037],[117.581,6.049],[117.593,6.053],[117.607,6.06],[117.605,6.09],[117.613,6.099],[117.63,6.104],[117.637,6.094],[117.642,6.081],[117.647,6.074],[117.648,6.06],[117.641,6.054],[117.634,6.054],[117.625,6.044],[117.618,6.041],[117.61,6.045],[117.607,6.045],[117.601,6.037],[117.596,6.034],[117.588,6.031],[117.574,6.03],[117.572,6.03],[117.569,6.025],[117.567,6.019],[117.56,6.007],[117.562,6.003],[117.562,5.996],[117.564,5.993],[117.567,5.982],[117.578,5.977],[117.568,5.965],[117.571,5.959],[117.57,5.951],[117.567,5.951],[117.56,5.96],[117.555,5.959],[117.549,5.942],[117.554,5.939],[117.557,5.926],[117.562,5.927],[117.568,5.934],[117.571,5.926],[117.565,5.922],[117.509,5.893],[117.498,5.89],[117.494,5.892],[117.475,5.886],[117.457,5.863],[117.458,5.86],[117.473,5.865],[117.478,5.862],[117.493,5.882],[117.498,5.885],[117.524,5.891],[117.52,5.895],[117.534,5.901],[117.552,5.912],[117.557,5.911],[117.555,5.901],[117.588,5.905],[117.597,5.904],[117.608,5.9],[117.605,5.885],[117.607,5.879],[117.61,5.883],[117.615,5.896],[117.619,5.898],[117.668,5.91],[117.672,5.911],[117.684,5.908],[117.694,5.904],[117.696,5.902],[117.705,5.901],[117.705,5.899],[117.719,5.899],[117.726,5.901],[117.73,5.9],[117.736,5.902],[117.747,5.903],[117.753,5.906],[117.757,5.906],[117.761,5.904],[117.762,5.889],[117.763,5.882],[117.768,5.873],[117.756,5.869],[117.755,5.864],[117.763,5.868],[117.775,5.867],[117.779,5.871],[117.781,5.878],[117.779,5.882],[117.776,5.883],[117.777,5.874],[117.773,5.871],[117.769,5.886],[117.769,5.902],[117.766,5.91],[117.762,5.916],[117.753,5.925],[117.751,5.93],[117.751,5.938],[117.753,5.941],[117.793,5.94],[117.802,5.938],[117.804,5.94],[117.831,5.939],[117.858,5.945],[117.869,5.946],[117.88,5.949],[117.888,5.953],[117.9,5.966],[117.91,5.97],[117.896,5.98],[117.895,5.983],[117.896,5.985],[117.906,5.997],[117.919,6.001],[117.936,6.018],[117.948,6.021],[117.951,6.024],[117.954,6.031],[117.956,6.031],[117.967,6.038],[117.97,6.046],[117.972,6.047],[117.968,6.057],[117.978,6.063],[117.981,6.07],[117.983,6.07],[117.983,6.066],[117.992,6.063],[118.008,6.062],[118.01,6.06],[118.009,6.055],[118.011,6.053],[118.011,6.035],[118.013,6.035],[118.011,6.029],[118.014,6.03],[118.012,6.029],[118.013,6.027],[118.028,6.03],[118.044,6.038],[118.048,6.035],[118.041,6.021],[118.043,6.016],[118.033,6.004],[118.052,5.976],[118.066,5.962],[118.065,5.957],[118.054,5.94],[118.05,5.945],[118.05,5.95],[118.048,5.946],[118.044,5.946],[118.043,5.944],[118.05,5.941],[118.051,5.934],[118.045,5.931],[118.047,5.928],[118.057,5.925],[118.059,5.924],[118.058,5.921],[118.078,5.907],[118.089,5.903],[118.092,5.9],[118.097,5.891],[118.097,5.884],[118.095,5.88],[118.095,5.872],[118.102,5.87],[118.109,5.862],[118.114,5.863],[118.116,5.859],[118.121,5.856],[118.122,5.857],[118.128,5.85],[118.127,5.844],[118.115,5.836],[118.104,5.835],[118.104,5.833],[118.1,5.832],[118.1,5.835],[118.091,5.832],[118.092,5.831],[118.086,5.825],[118.086,5.819],[118.084,5.815],[118.085,5.81],[118.081,5.808],[118.079,5.811],[118.075,5.81],[118.068,5.81],[118.068,5.812],[118.065,5.81],[118.062,5.811],[118.056,5.809],[118.055,5.806],[118.047,5.805],[118.031,5.794],[118.025,5.793],[118.016,5.793],[118.013,5.81],[118.011,5.811],[118.009,5.806],[118.006,5.806],[118.007,5.825],[118.016,5.84],[118.017,5.845],[118.013,5.845],[118.006,5.835],[118.001,5.818],[117.996,5.811],[117.989,5.807],[117.977,5.808],[117.967,5.82],[117.967,5.817],[117.971,5.813],[117.971,5.807],[117.967,5.807],[117.958,5.823],[117.961,5.814],[117.958,5.811],[117.952,5.809],[117.947,5.821],[117.95,5.807],[117.956,5.803],[117.957,5.8],[117.952,5.798],[117.942,5.797],[117.942,5.806],[117.937,5.809],[117.94,5.802],[117.939,5.798],[117.934,5.797],[117.934,5.801],[117.931,5.801],[117.929,5.806],[117.928,5.802],[117.93,5.798],[117.927,5.798],[117.916,5.803],[117.916,5.807],[117.907,5.8],[117.907,5.797],[117.904,5.796],[117.894,5.796],[117.888,5.797],[117.888,5.805],[117.886,5.802],[117.883,5.802],[117.879,5.808],[117.878,5.814],[117.873,5.816],[117.872,5.815],[117.876,5.809],[117.877,5.805],[117.875,5.804],[117.862,5.81],[117.864,5.806],[117.88,5.799],[117.884,5.796],[117.88,5.792],[117.872,5.79],[117.849,5.786],[117.849,5.784],[117.854,5.781],[117.853,5.774],[117.855,5.765],[117.865,5.768],[117.868,5.767],[117.873,5.76],[117.874,5.749],[117.879,5.745],[117.884,5.747],[117.89,5.744],[117.895,5.743],[117.9,5.747],[117.903,5.745],[117.907,5.739],[117.907,5.74],[117.909,5.74],[117.912,5.737],[117.916,5.741],[117.921,5.741],[117.925,5.737],[117.926,5.738],[117.944,5.734],[117.944,5.728],[117.948,5.725],[117.944,5.722],[117.929,5.722],[117.924,5.718],[117.926,5.717],[117.92,5.718],[117.917,5.714],[117.914,5.716],[117.911,5.708],[117.912,5.705],[117.915,5.706],[117.915,5.71],[117.917,5.712],[117.934,5.716],[117.936,5.713],[117.93,5.708],[117.929,5.704],[117.934,5.706],[117.934,5.702],[117.921,5.695],[117.931,5.697],[117.935,5.693],[117.934,5.69],[117.927,5.692],[117.921,5.688],[117.929,5.689],[117.933,5.687],[117.938,5.689],[117.941,5.693],[117.952,5.692],[117.942,5.681],[117.93,5.678],[117.919,5.671],[117.937,5.676],[117.94,5.672],[117.926,5.658],[117.939,5.665],[117.94,5.662],[117.937,5.655],[117.939,5.654],[117.942,5.66],[117.945,5.657],[117.942,5.665],[117.944,5.669],[117.947,5.667],[117.947,5.674],[117.951,5.68],[117.959,5.679],[117.964,5.673],[117.957,5.667],[117.956,5.664],[117.966,5.672],[117.963,5.681],[117.975,5.679],[117.986,5.684],[117.984,5.673],[117.978,5.669],[117.974,5.663],[117.983,5.669],[117.987,5.674],[117.988,5.679],[117.992,5.681],[117.995,5.678],[117.996,5.674],[117.998,5.674],[117.997,5.679],[117.995,5.683],[117.999,5.679],[118.003,5.679],[118.003,5.681],[118,5.681],[117.999,5.685],[118.002,5.689],[118.006,5.691],[118.011,5.688],[118.018,5.688],[118.02,5.686],[118.02,5.688],[118.018,5.69],[118.021,5.696],[118.023,5.695],[118.024,5.701],[118.032,5.706],[118.03,5.708],[118.035,5.711],[118.03,5.713],[118.031,5.714],[118.045,5.717],[118.049,5.72],[118.058,5.722],[118.062,5.72],[118.066,5.722],[118.067,5.715],[118.064,5.712],[118.067,5.71],[118.064,5.707],[118.065,5.705],[118.07,5.705],[118.067,5.701],[118.055,5.696],[118.062,5.696],[118.056,5.686],[118.068,5.699],[118.075,5.701],[118.074,5.697],[118.076,5.701],[118.077,5.694],[118.08,5.692],[118.081,5.698],[118.086,5.699],[118.098,5.707],[118.099,5.698],[118.102,5.692],[118.102,5.688],[118.106,5.677],[118.099,5.67],[118.103,5.669],[118.106,5.674],[118.112,5.666],[118.113,5.668],[118.109,5.68],[118.108,5.686],[118.109,5.689],[118.111,5.688],[118.116,5.682],[118.117,5.671],[118.128,5.662],[118.131,5.652],[118.134,5.65],[118.134,5.652],[118.135,5.652],[118.14,5.644],[118.141,5.644],[118.148,5.648],[118.148,5.65],[118.141,5.65],[118.135,5.655],[118.13,5.663],[118.126,5.676],[118.128,5.678],[118.13,5.678],[118.131,5.681],[118.135,5.683],[118.152,5.679],[118.161,5.68],[118.164,5.683],[118.173,5.681],[118.165,5.686],[118.155,5.697],[118.155,5.699],[118.171,5.697],[118.173,5.699],[118.149,5.701],[118.143,5.703],[118.141,5.706],[118.138,5.707],[118.134,5.713],[118.142,5.712],[118.145,5.715],[118.132,5.715],[118.13,5.722],[118.133,5.721],[118.136,5.721],[118.137,5.722],[118.127,5.727],[118.126,5.729],[118.133,5.739],[118.134,5.744],[118.138,5.744],[118.143,5.741],[118.148,5.741],[118.152,5.743],[118.156,5.745],[118.158,5.749],[118.162,5.75],[118.17,5.747],[118.172,5.742],[118.174,5.746],[118.183,5.748],[118.184,5.747],[118.176,5.739],[118.171,5.727],[118.165,5.721],[118.167,5.721],[118.172,5.722],[118.174,5.725],[118.176,5.734],[118.178,5.736],[118.189,5.743],[118.207,5.743],[118.208,5.744],[118.19,5.747],[118.19,5.75],[118.195,5.753],[118.191,5.754],[118.19,5.757],[118.193,5.759],[118.19,5.763],[118.187,5.761],[118.186,5.762],[118.181,5.76],[118.18,5.757],[118.188,5.754],[118.188,5.752],[118.175,5.75],[118.168,5.751],[118.159,5.764],[118.16,5.769],[118.156,5.768],[118.164,5.779],[118.167,5.78],[118.175,5.775],[118.179,5.776],[118.182,5.772],[118.182,5.774],[118.179,5.779],[118.174,5.778],[118.171,5.782],[118.181,5.785],[118.189,5.794],[118.19,5.799],[118.195,5.799],[118.197,5.801],[118.196,5.807],[118.193,5.815],[118.194,5.818],[118.198,5.817],[118.198,5.82],[118.206,5.817],[118.208,5.818],[118.207,5.82],[118.208,5.82],[118.213,5.815],[118.215,5.815],[118.213,5.819],[118.216,5.822],[118.229,5.825],[118.234,5.823],[118.233,5.826],[118.228,5.828],[118.236,5.841],[118.24,5.843],[118.254,5.84],[118.256,5.838],[118.251,5.832],[118.262,5.837],[118.272,5.829],[118.275,5.819],[118.273,5.817],[118.262,5.815],[118.257,5.81],[118.259,5.802],[118.254,5.799],[118.267,5.8],[118.268,5.802],[118.263,5.805],[118.262,5.809],[118.264,5.811],[118.275,5.813],[118.279,5.815],[118.28,5.823],[118.282,5.823],[118.318,5.812],[118.33,5.813],[118.331,5.81],[118.323,5.807],[118.322,5.808],[118.313,5.805],[118.309,5.805],[118.301,5.792],[118.297,5.79],[118.295,5.784],[118.288,5.786],[118.289,5.781],[118.291,5.78],[118.286,5.775],[118.284,5.769],[118.28,5.767],[118.281,5.761],[118.283,5.766],[118.286,5.768],[118.289,5.775],[118.292,5.776],[118.291,5.782],[118.297,5.781],[118.301,5.787],[118.308,5.786],[118.31,5.78],[118.31,5.772],[118.311,5.772],[118.314,5.779],[118.312,5.787],[118.316,5.791],[118.314,5.792],[118.31,5.79],[118.309,5.791],[118.31,5.799],[118.327,5.803],[118.338,5.795],[118.341,5.797],[118.345,5.796],[118.351,5.799],[118.358,5.799],[118.362,5.79],[118.365,5.77],[118.368,5.765],[118.372,5.763],[118.373,5.77],[118.369,5.774],[118.367,5.799],[118.345,5.813],[118.345,5.819],[118.35,5.818],[118.352,5.823],[118.356,5.824],[118.379,5.807],[118.388,5.797],[118.399,5.796],[118.406,5.792],[118.408,5.789],[118.424,5.783],[118.431,5.783],[118.441,5.775],[118.452,5.771],[118.456,5.767],[118.457,5.764],[118.464,5.762],[118.471,5.758],[118.477,5.749],[118.482,5.744],[118.491,5.744],[118.546,5.703],[118.55,5.699],[118.542,5.682],[118.535,5.672],[118.567,5.687],[118.571,5.686],[118.589,5.663],[118.602,5.649],[118.6,5.644],[118.597,5.641],[118.591,5.638],[118.586,5.637],[118.589,5.634],[118.597,5.63],[118.604,5.631],[118.62,5.643],[118.629,5.644],[118.641,5.638],[118.657,5.621],[118.671,5.597],[118.685,5.579],[118.717,5.554],[118.749,5.538],[118.751,5.524],[118.757,5.534],[118.762,5.536],[118.79,5.519],[118.796,5.507],[118.796,5.488],[118.792,5.486],[118.795,5.48],[118.796,5.465],[118.793,5.457],[118.795,5.453],[118.794,5.447],[118.795,5.442],[118.799,5.438],[118.803,5.442],[118.81,5.444],[118.808,5.454],[118.811,5.456],[118.817,5.456],[118.816,5.459],[118.81,5.462],[118.808,5.468],[118.812,5.478],[118.805,5.502],[118.804,5.51],[118.805,5.515],[118.823,5.5],[118.838,5.491],[118.841,5.483],[118.91,5.444],[118.918,5.436],[118.93,5.42],[118.925,5.417],[118.918,5.409],[118.913,5.406],[118.905,5.404],[118.901,5.405],[118.896,5.408],[118.895,5.414],[118.884,5.418],[118.88,5.423],[118.875,5.423],[118.878,5.417],[118.886,5.411],[118.892,5.403],[118.891,5.398],[118.878,5.388],[118.871,5.378],[118.883,5.381],[118.891,5.377],[118.905,5.375],[118.911,5.371],[118.922,5.375],[118.931,5.377],[118.937,5.376],[118.953,5.381],[118.969,5.38],[118.972,5.38],[118.975,5.385],[119.002,5.389],[118.998,5.395],[118.976,5.391],[118.961,5.384],[118.95,5.388],[118.946,5.391],[118.946,5.396],[118.949,5.401],[118.944,5.409],[118.94,5.422],[118.939,5.43],[118.951,5.431],[118.983,5.422],[119.01,5.413],[119.028,5.412],[119.035,5.409],[119.059,5.409],[119.089,5.414],[119.11,5.439],[119.107,5.44],[119.101,5.447],[119.104,5.462],[119.133,5.468],[119.15,5.46],[119.153,5.456],[119.18,5.438],[119.194,5.434],[119.247,5.38],[119.248,5.372],[119.255,5.361],[119.258,5.342],[119.258,5.331],[119.262,5.32],[119.264,5.321],[119.265,5.307],[119.263,5.298],[119.257,5.287],[119.258,5.279],[119.251,5.271],[119.249,5.264],[119.253,5.253],[119.267,5.246],[119.269,5.24],[119.268,5.207],[119.258,5.195],[119.251,5.189],[119.247,5.18],[119.234,5.161],[119.219,5.148],[119.215,5.139],[119.208,5.138],[119.166,5.106],[119.156,5.102],[119.151,5.1],[119.151,5.102],[119.147,5.101],[119.143,5.103],[119.101,5.081],[119.051,5.067],[119.042,5.06],[119.028,5.062],[119.021,5.061],[119.008,5.055],[118.99,5.053],[118.947,5.039],[118.924,5.034],[118.917,5.03],[118.888,5.018],[118.86,4.993],[118.852,4.993],[118.846,4.99],[118.84,4.992],[118.829,4.99],[118.809,4.984],[118.784,4.973],[118.771,4.965],[118.765,4.959],[118.759,4.957],[118.747,4.948],[118.737,4.945],[118.731,4.946],[118.727,4.944],[118.724,4.948],[118.717,4.944],[118.714,4.948],[118.697,4.947],[118.693,4.944],[118.681,4.945],[118.68,4.941],[118.67,4.936],[118.673,4.93],[118.66,4.932],[118.661,4.937],[118.654,4.94],[118.652,4.937],[118.652,4.932],[118.648,4.931],[118.646,4.937],[118.644,4.938],[118.639,4.936],[118.61,4.949],[118.608,4.946],[118.601,4.947],[118.596,4.949],[118.587,4.951],[118.582,4.957],[118.564,4.957],[118.564,4.953],[118.549,4.957],[118.545,4.962],[118.541,4.955],[118.535,4.952],[118.535,4.948],[118.528,4.943],[118.525,4.937],[118.516,4.927],[118.51,4.927],[118.504,4.922],[118.489,4.925],[118.487,4.927],[118.483,4.923],[118.464,4.928],[118.465,4.931],[118.461,4.931],[118.446,4.954],[118.446,4.958],[118.45,4.963],[118.449,4.966],[118.444,4.961],[118.442,4.961],[118.447,4.973],[118.443,4.985],[118.446,4.99],[118.423,5.006],[118.4,5.017],[118.392,5.018],[118.381,5.021],[118.364,5.02],[118.362,5.016],[118.362,5.02],[118.357,5.017],[118.357,5.015],[118.355,5.02],[118.353,5.021],[118.355,5.019],[118.354,5.018],[118.35,5.018],[118.35,5.019],[118.348,5.015],[118.347,5.016],[118.347,5.02],[118.341,5.022],[118.341,5.021],[118.34,5.019],[118.34,5.022],[118.338,5.023],[118.339,5.024],[118.338,5.025],[118.335,5.02],[118.333,5.019],[118.334,5.018],[118.329,5.021],[118.327,5.02],[118.328,5.019],[118.327,5.019],[118.331,5.012],[118.326,5.019],[118.323,5.019],[118.32,5.016],[118.324,5.018],[118.324,5.016],[118.321,5.015],[118.313,5.004],[118.306,4.986],[118.311,4.979],[118.302,4.975],[118.305,4.972],[118.302,4.964],[118.298,4.959],[118.292,4.959],[118.295,4.963],[118.294,4.967],[118.29,4.972],[118.29,4.988],[118.287,4.987],[118.282,4.978],[118.279,4.961],[118.273,4.961],[118.257,4.967],[118.246,4.967],[118.241,4.969],[118.227,4.98],[118.229,4.969],[118.231,4.967],[118.228,4.96],[118.223,4.96],[118.217,4.955],[118.214,4.954],[118.208,4.956],[118.205,4.955],[118.202,4.949],[118.203,4.946],[118.2,4.941],[118.193,4.939],[118.18,4.927],[118.187,4.923],[118.192,4.922],[118.189,4.917],[118.176,4.91],[118.174,4.909],[118.168,4.91],[118.162,4.906],[118.163,4.895],[118.158,4.885],[118.152,4.88],[118.148,4.884],[118.134,4.879],[118.125,4.879],[118.124,4.872],[118.131,4.85],[118.13,4.84],[118.129,4.836],[118.14,4.835],[118.139,4.832],[118.146,4.833],[118.157,4.838],[118.16,4.836],[118.161,4.825],[118.169,4.816],[118.179,4.809],[118.177,4.808],[118.175,4.801],[118.178,4.802],[118.181,4.807],[118.183,4.807],[118.189,4.795],[118.192,4.779],[118.191,4.768],[118.189,4.766],[118.18,4.763],[118.181,4.761],[118.186,4.762],[118.195,4.757],[118.206,4.739],[118.206,4.735],[118.202,4.732],[118.202,4.73],[118.209,4.731],[118.211,4.728],[118.223,4.722],[118.218,4.717],[118.218,4.711],[118.225,4.706],[118.224,4.715],[118.232,4.715],[118.229,4.709],[118.231,4.708],[118.23,4.704],[118.238,4.701],[118.243,4.691],[118.248,4.69],[118.25,4.696],[118.258,4.697],[118.259,4.696],[118.253,4.68],[118.257,4.674],[118.26,4.663],[118.267,4.66],[118.28,4.662],[118.283,4.661],[118.285,4.656],[118.296,4.653],[118.298,4.651],[118.299,4.643],[118.297,4.639],[118.301,4.628],[118.307,4.626],[118.317,4.627],[118.325,4.624],[118.333,4.623],[118.343,4.626],[118.351,4.63],[118.361,4.628],[118.369,4.622],[118.368,4.61],[118.371,4.604],[118.377,4.598]]],[[[118.659,4.488],[118.668,4.491],[118.675,4.485],[118.677,4.487],[118.682,4.48],[118.68,4.478],[118.687,4.474],[118.688,4.47],[118.691,4.469],[118.695,4.466],[118.701,4.469],[118.711,4.463],[118.712,4.465],[118.714,4.464],[118.718,4.46],[118.728,4.457],[118.729,4.455],[118.73,4.458],[118.732,4.455],[118.728,4.447],[118.729,4.446],[118.734,4.446],[118.736,4.449],[118.737,4.447],[118.739,4.447],[118.739,4.461],[118.737,4.463],[118.732,4.465],[118.732,4.467],[118.736,4.467],[118.739,4.465],[118.742,4.453],[118.75,4.453],[118.751,4.451],[118.74,4.439],[118.734,4.437],[118.722,4.436],[118.72,4.434],[118.715,4.432],[118.685,4.439],[118.672,4.423],[118.666,4.423],[118.665,4.42],[118.663,4.422],[118.654,4.413],[118.642,4.412],[118.641,4.417],[118.65,4.424],[118.653,4.431],[118.659,4.434],[118.659,4.435],[118.654,4.435],[118.655,4.44],[118.653,4.443],[118.655,4.446],[118.653,4.446],[118.653,4.448],[118.647,4.455],[118.636,4.459],[118.637,4.463],[118.631,4.468],[118.629,4.473],[118.627,4.473],[118.624,4.48],[118.632,4.48],[118.635,4.484],[118.638,4.482],[118.638,4.487],[118.634,4.492],[118.628,4.494],[118.629,4.495],[118.636,4.494],[118.648,4.488],[118.659,4.488]]],[[[118.937,4.465],[118.935,4.47],[118.939,4.468],[118.942,4.462],[118.937,4.465]]],[[[118.857,4.521],[118.859,4.519],[118.856,4.519],[118.855,4.517],[118.851,4.523],[118.846,4.525],[118.845,4.527],[118.851,4.526],[118.857,4.521]]],[[[118.659,4.552],[118.659,4.554],[118.663,4.558],[118.665,4.558],[118.668,4.557],[118.666,4.554],[118.659,4.552]]],[[[117.533,4.178],[117.533,4.175],[117.529,4.17],[117.523,4.17],[117.523,4.172],[117.533,4.178]]],[[[117.597,4.196],[117.599,4.193],[117.596,4.189],[117.606,4.19],[117.612,4.185],[117.619,4.169],[117.616,4.163],[117.607,4.164],[117.585,4.181],[117.575,4.185],[117.561,4.186],[117.55,4.18],[117.548,4.182],[117.55,4.192],[117.549,4.194],[117.537,4.193],[117.535,4.207],[117.542,4.207],[117.547,4.211],[117.548,4.222],[117.553,4.223],[117.57,4.206],[117.582,4.2],[117.585,4.201],[117.597,4.196]]],[[[117.628,4.203],[117.638,4.196],[117.639,4.192],[117.638,4.191],[117.631,4.188],[117.624,4.203],[117.628,4.203]]],[[[117.529,4.211],[117.532,4.21],[117.531,4.2],[117.521,4.207],[117.526,4.211],[117.529,4.211]]],[[[117.748,4.258],[117.769,4.247],[117.775,4.237],[117.778,4.227],[117.799,4.214],[117.815,4.202],[117.864,4.192],[117.879,4.19],[117.879,4.187],[117.883,4.183],[117.897,4.169],[117.682,4.17],[117.663,4.179],[117.662,4.183],[117.66,4.185],[117.652,4.188],[117.648,4.192],[117.645,4.192],[117.639,4.198],[117.62,4.211],[117.621,4.218],[117.624,4.225],[117.636,4.236],[117.655,4.25],[117.666,4.264],[117.669,4.265],[117.677,4.266],[117.702,4.263],[117.729,4.263],[117.748,4.258]]],[[[117.88,4.244],[117.88,4.243],[117.879,4.243],[117.879,4.244],[117.88,4.244]]],[[[117.868,4.261],[117.868,4.261],[117.867,4.261],[117.867,4.261],[117.868,4.261]]],[[[117.598,4.314],[117.6,4.306],[117.599,4.302],[117.605,4.302],[117.609,4.297],[117.615,4.295],[117.619,4.298],[117.642,4.293],[117.648,4.288],[117.651,4.28],[117.647,4.279],[117.635,4.286],[117.623,4.29],[117.602,4.285],[117.569,4.308],[117.57,4.314],[117.573,4.315],[117.579,4.314],[117.598,4.314]]],[[[117.61,4.303],[117.606,4.309],[117.604,4.318],[117.604,4.32],[117.608,4.321],[117.61,4.324],[117.6,4.322],[117.599,4.336],[117.604,4.339],[117.61,4.337],[117.612,4.339],[117.608,4.341],[117.607,4.344],[117.607,4.352],[117.615,4.359],[117.618,4.355],[117.624,4.343],[117.618,4.313],[117.613,4.303],[117.61,4.303]]],[[[117.756,4.346],[117.766,4.342],[117.783,4.342],[117.789,4.339],[117.791,4.336],[117.79,4.333],[117.788,4.329],[117.781,4.329],[117.757,4.334],[117.75,4.341],[117.748,4.348],[117.753,4.35],[117.756,4.346]]],[[[117.625,4.392],[117.626,4.395],[117.632,4.394],[117.636,4.395],[117.644,4.408],[117.647,4.41],[117.651,4.402],[117.651,4.397],[117.647,4.388],[117.641,4.383],[117.636,4.382],[117.63,4.386],[117.625,4.392]]],[[[117.641,4.414],[117.642,4.411],[117.635,4.401],[117.63,4.4],[117.627,4.405],[117.628,4.411],[117.63,4.414],[117.636,4.415],[117.641,4.414]]],[[[118.225,4.731],[118.227,4.728],[118.224,4.727],[118.223,4.729],[118.225,4.731]]],[[[118.268,4.824],[118.277,4.82],[118.283,4.816],[118.283,4.815],[118.278,4.815],[118.267,4.821],[118.268,4.824]]],[[[118.597,4.496],[118.595,4.503],[118.597,4.504],[118.599,4.51],[118.603,4.504],[118.607,4.492],[118.608,4.489],[118.605,4.486],[118.603,4.485],[118.6,4.487],[118.597,4.496]]],[[[118.479,4.517],[118.477,4.519],[118.478,4.525],[118.486,4.539],[118.489,4.547],[118.495,4.552],[118.499,4.551],[118.504,4.546],[118.504,4.543],[118.502,4.527],[118.503,4.512],[118.498,4.51],[118.491,4.51],[118.479,4.517]]],[[[118.575,4.545],[118.572,4.544],[118.566,4.546],[118.561,4.546],[118.552,4.544],[118.556,4.542],[118.558,4.539],[118.558,4.536],[118.555,4.534],[118.545,4.534],[118.527,4.528],[118.522,4.529],[118.519,4.531],[118.52,4.535],[118.525,4.539],[118.528,4.541],[118.533,4.54],[118.532,4.543],[118.539,4.546],[118.557,4.552],[118.566,4.56],[118.57,4.56],[118.571,4.558],[118.575,4.556],[118.573,4.561],[118.574,4.563],[118.578,4.56],[118.579,4.557],[118.579,4.548],[118.575,4.545]]],[[[118.595,4.55],[118.602,4.56],[118.607,4.563],[118.61,4.563],[118.612,4.561],[118.612,4.557],[118.608,4.55],[118.595,4.55]]],[[[118.955,4.564],[118.951,4.572],[118.952,4.575],[118.958,4.568],[118.955,4.564]]],[[[118.699,4.574],[118.697,4.569],[118.694,4.569],[118.694,4.573],[118.698,4.575],[118.699,4.574]]],[[[118.867,4.587],[118.867,4.594],[118.871,4.591],[118.871,4.587],[118.869,4.585],[118.867,4.587]]],[[[118.779,4.596],[118.782,4.607],[118.792,4.602],[118.793,4.599],[118.79,4.595],[118.79,4.585],[118.787,4.582],[118.783,4.581],[118.779,4.583],[118.778,4.586],[118.78,4.592],[118.779,4.596]]],[[[118.509,4.567],[118.508,4.564],[118.5,4.564],[118.494,4.568],[118.492,4.572],[118.493,4.574],[118.498,4.574],[118.505,4.572],[118.509,4.567]]],[[[118.575,4.565],[118.574,4.568],[118.572,4.568],[118.574,4.571],[118.576,4.571],[118.577,4.574],[118.582,4.575],[118.579,4.565],[118.578,4.563],[118.575,4.565]]],[[[118.477,4.672],[118.481,4.673],[118.488,4.672],[118.484,4.668],[118.485,4.659],[118.488,4.655],[118.491,4.656],[118.493,4.655],[118.494,4.638],[118.495,4.636],[118.501,4.637],[118.506,4.643],[118.504,4.654],[118.514,4.657],[118.518,4.652],[118.517,4.645],[118.529,4.642],[118.531,4.64],[118.538,4.645],[118.539,4.649],[118.538,4.652],[118.545,4.65],[118.55,4.643],[118.563,4.639],[118.569,4.634],[118.57,4.636],[118.573,4.634],[118.581,4.633],[118.586,4.627],[118.585,4.622],[118.576,4.615],[118.568,4.617],[118.564,4.614],[118.554,4.586],[118.548,4.587],[118.546,4.598],[118.542,4.607],[118.543,4.609],[118.541,4.613],[118.538,4.613],[118.533,4.61],[118.527,4.602],[118.526,4.603],[118.525,4.6],[118.532,4.597],[118.53,4.594],[118.526,4.593],[118.519,4.595],[118.512,4.593],[118.508,4.596],[118.505,4.596],[118.498,4.602],[118.488,4.606],[118.48,4.611],[118.473,4.612],[118.468,4.607],[118.466,4.602],[118.461,4.602],[118.453,4.608],[118.451,4.605],[118.447,4.605],[118.447,4.611],[118.44,4.623],[118.432,4.626],[118.427,4.625],[118.423,4.629],[118.412,4.626],[118.401,4.633],[118.38,4.639],[118.372,4.644],[118.363,4.644],[118.355,4.64],[118.337,4.642],[118.324,4.649],[118.32,4.652],[118.319,4.654],[118.328,4.66],[118.335,4.661],[118.338,4.66],[118.339,4.663],[118.343,4.664],[118.354,4.663],[118.363,4.66],[118.372,4.659],[118.39,4.661],[118.394,4.659],[118.397,4.66],[118.397,4.662],[118.403,4.658],[118.407,4.657],[118.412,4.659],[118.422,4.658],[118.427,4.659],[118.432,4.666],[118.43,4.668],[118.425,4.669],[118.425,4.672],[118.423,4.672],[118.424,4.675],[118.422,4.679],[118.424,4.679],[118.428,4.675],[118.43,4.678],[118.435,4.678],[118.436,4.686],[118.438,4.683],[118.442,4.686],[118.446,4.693],[118.457,4.696],[118.461,4.695],[118.463,4.69],[118.462,4.685],[118.466,4.678],[118.468,4.678],[118.472,4.673],[118.477,4.672]]],[[[118.422,4.693],[118.43,4.693],[118.431,4.689],[118.427,4.687],[118.408,4.686],[118.406,4.688],[118.409,4.694],[118.409,4.697],[118.404,4.696],[118.404,4.691],[118.401,4.69],[118.395,4.693],[118.394,4.696],[118.391,4.697],[118.39,4.695],[118.388,4.695],[118.387,4.698],[118.388,4.699],[118.395,4.7],[118.395,4.704],[118.398,4.705],[118.41,4.706],[118.41,4.704],[118.416,4.702],[118.42,4.694],[118.422,4.693]]],[[[118.476,4.715],[118.462,4.707],[118.461,4.705],[118.462,4.703],[118.458,4.7],[118.454,4.702],[118.448,4.702],[118.445,4.706],[118.448,4.71],[118.448,4.714],[118.45,4.717],[118.457,4.716],[118.458,4.722],[118.463,4.715],[118.476,4.715]]],[[[118.301,4.766],[118.3,4.765],[118.299,4.765],[118.301,4.768],[118.301,4.766]]],[[[118.387,4.766],[118.388,4.76],[118.385,4.756],[118.383,4.757],[118.378,4.765],[118.382,4.771],[118.381,4.777],[118.384,4.774],[118.384,4.769],[118.387,4.766]]],[[[118.295,4.773],[118.299,4.776],[118.304,4.775],[118.3,4.77],[118.296,4.77],[118.295,4.773]]],[[[118.301,4.787],[118.305,4.791],[118.306,4.79],[118.305,4.784],[118.302,4.784],[118.301,4.787]]],[[[118.286,4.788],[118.281,4.784],[118.276,4.787],[118.28,4.789],[118.28,4.792],[118.286,4.792],[118.286,4.788]]],[[[118.382,4.783],[118.377,4.784],[118.381,4.79],[118.378,4.796],[118.37,4.788],[118.37,4.793],[118.365,4.799],[118.358,4.805],[118.368,4.802],[118.38,4.805],[118.412,4.789],[118.412,4.782],[118.403,4.788],[118.39,4.789],[118.382,4.783]]],[[[118.308,4.798],[118.303,4.796],[118.294,4.799],[118.294,4.8],[118.3,4.8],[118.302,4.804],[118.3,4.807],[118.302,4.812],[118.311,4.809],[118.313,4.805],[118.319,4.801],[118.318,4.799],[118.308,4.798]]],[[[118.686,4.603],[118.687,4.604],[118.689,4.602],[118.688,4.598],[118.687,4.597],[118.686,4.598],[118.686,4.603]]],[[[118.779,4.61],[118.78,4.609],[118.777,4.604],[118.774,4.603],[118.77,4.604],[118.766,4.612],[118.756,4.614],[118.751,4.618],[118.748,4.619],[118.746,4.617],[118.747,4.614],[118.739,4.607],[118.726,4.599],[118.722,4.597],[118.721,4.599],[118.725,4.612],[118.732,4.62],[118.747,4.625],[118.754,4.623],[118.765,4.623],[118.77,4.622],[118.779,4.61]]],[[[118.901,5.387],[118.901,5.392],[118.904,5.395],[118.912,5.396],[118.918,5.399],[118.942,5.398],[118.939,5.389],[118.935,5.386],[118.931,5.386],[118.925,5.381],[118.911,5.381],[118.901,5.387]]],[[[118.354,4.983],[118.355,4.977],[118.36,4.973],[118.374,4.979],[118.382,4.976],[118.373,4.968],[118.351,4.963],[118.338,4.955],[118.325,4.949],[118.31,4.945],[118.302,4.95],[118.302,4.953],[118.304,4.958],[118.306,4.959],[118.32,4.96],[118.323,4.963],[118.325,4.961],[118.333,4.962],[118.332,4.966],[118.325,4.97],[118.322,4.973],[118.323,4.976],[118.32,4.978],[118.323,4.984],[118.323,4.986],[118.328,4.988],[118.332,4.987],[118.336,4.989],[118.34,4.99],[118.343,4.987],[118.339,4.986],[118.34,4.984],[118.339,4.979],[118.342,4.978],[118.342,4.974],[118.345,4.977],[118.346,4.981],[118.349,4.981],[118.352,4.979],[118.354,4.983]]],[[[118.324,5.015],[118.324,5.017],[118.326,5.017],[118.331,5.012],[118.321,5.002],[118.322,5.014],[118.324,5.015]]],[[[118.337,5.021],[118.337,5.022],[118.338,5.018],[118.337,5.018],[118.337,5.021]]],[[[115.336,5.385],[115.334,5.383],[115.333,5.385],[115.336,5.387],[115.336,5.385]]],[[[115.698,5.751],[115.695,5.738],[115.683,5.728],[115.678,5.717],[115.672,5.713],[115.668,5.705],[115.661,5.704],[115.656,5.706],[115.649,5.72],[115.646,5.722],[115.637,5.723],[115.631,5.73],[115.632,5.738],[115.637,5.74],[115.641,5.74],[115.646,5.736],[115.65,5.736],[115.653,5.737],[115.657,5.747],[115.666,5.754],[115.67,5.762],[115.681,5.767],[115.691,5.765],[115.698,5.751]]],[[[116.007,5.827],[116.006,5.831],[116.008,5.832],[116.01,5.831],[116.01,5.827],[116.007,5.827]]],[[[115.997,5.834],[115.998,5.83],[115.994,5.829],[115.993,5.833],[115.997,5.837],[116,5.836],[115.997,5.834]]],[[[117.65,4.416],[117.646,4.426],[117.651,4.428],[117.656,4.427],[117.668,4.421],[117.671,4.412],[117.669,4.409],[117.666,4.412],[117.664,4.411],[117.665,4.406],[117.661,4.405],[117.65,4.416]]],[[[117.904,5.753],[117.903,5.751],[117.9,5.751],[117.896,5.746],[117.893,5.745],[117.884,5.75],[117.878,5.747],[117.875,5.752],[117.875,5.758],[117.879,5.763],[117.883,5.765],[117.894,5.758],[117.908,5.761],[117.907,5.756],[117.904,5.753]]],[[[117.896,5.772],[117.892,5.771],[117.892,5.768],[117.889,5.764],[117.883,5.767],[117.876,5.764],[117.87,5.769],[117.862,5.77],[117.858,5.769],[117.858,5.772],[117.855,5.775],[117.857,5.784],[117.873,5.787],[117.887,5.794],[117.891,5.794],[117.894,5.791],[117.894,5.785],[117.896,5.783],[117.896,5.786],[117.898,5.786],[117.906,5.776],[117.896,5.772]]],[[[118.158,5.683],[118.154,5.682],[118.148,5.685],[118.147,5.697],[118.152,5.699],[118.16,5.689],[118.16,5.684],[118.158,5.683]]],[[[118.112,5.704],[118.114,5.696],[118.107,5.693],[118.105,5.69],[118.101,5.698],[118.1,5.709],[118.105,5.71],[118.11,5.703],[118.112,5.708],[118.112,5.704]]],[[[118.109,5.722],[118.108,5.723],[118.111,5.726],[118.113,5.726],[118.115,5.724],[118.113,5.722],[118.109,5.722]]],[[[118.104,5.726],[118.106,5.724],[118.103,5.723],[118.102,5.727],[118.104,5.726]]],[[[117.921,5.747],[117.919,5.746],[117.91,5.746],[117.905,5.749],[117.915,5.751],[117.921,5.747]]],[[[118.131,5.755],[118.137,5.754],[118.141,5.752],[118.137,5.747],[118.131,5.745],[118.129,5.751],[118.131,5.755]]],[[[117.91,5.775],[117.915,5.775],[117.917,5.771],[117.914,5.768],[117.903,5.764],[117.9,5.761],[117.893,5.76],[117.891,5.761],[117.893,5.768],[117.91,5.775]]],[[[117.939,5.763],[117.933,5.766],[117.933,5.772],[117.938,5.772],[117.942,5.769],[117.941,5.764],[117.939,5.763]]],[[[117.968,5.791],[117.963,5.785],[117.967,5.789],[117.973,5.79],[117.97,5.785],[117.972,5.785],[117.977,5.79],[117.983,5.785],[117.972,5.772],[117.979,5.775],[117.977,5.768],[117.982,5.774],[117.98,5.778],[117.989,5.787],[117.987,5.782],[117.994,5.774],[117.99,5.77],[117.995,5.773],[117.996,5.775],[117.992,5.779],[117.992,5.781],[117.996,5.778],[118,5.778],[118.001,5.774],[118.003,5.779],[118.005,5.779],[118.004,5.776],[118.008,5.779],[118.009,5.778],[118.006,5.775],[118.003,5.774],[118.002,5.771],[118.003,5.77],[118.004,5.773],[118.008,5.768],[118.01,5.77],[118.007,5.775],[118.016,5.775],[118.013,5.76],[118.005,5.753],[118.002,5.745],[117.968,5.745],[117.961,5.751],[117.954,5.768],[117.948,5.776],[117.949,5.778],[117.94,5.781],[117.924,5.78],[117.912,5.786],[117.915,5.79],[117.921,5.789],[117.916,5.794],[117.917,5.799],[117.935,5.792],[117.931,5.79],[117.947,5.792],[117.968,5.791]]],[[[118.109,5.772],[118.098,5.772],[118.092,5.768],[118.089,5.773],[118.092,5.786],[118.095,5.785],[118.096,5.783],[118.099,5.786],[118.11,5.783],[118.121,5.783],[118.118,5.777],[118.109,5.772]]],[[[115.983,5.954],[115.984,5.956],[115.988,5.954],[115.985,5.952],[115.983,5.954]]],[[[116.006,5.961],[116.004,5.961],[116.005,5.963],[116.007,5.962],[116.006,5.961]]],[[[116.007,5.977],[116.009,5.976],[116.008,5.974],[116.004,5.975],[116,5.974],[115.996,5.97],[115.995,5.971],[115.999,5.978],[116.007,5.977]]],[[[116.004,6.009],[116.004,6.012],[116.005,6.012],[116.01,6.009],[116.01,6.006],[116.007,6.007],[116.005,6.006],[116.004,6.009]]],[[[116.041,5.992],[116.038,5.993],[116.037,5.997],[116.039,6.003],[116.034,6.004],[116.034,6.007],[116.032,6.006],[116.031,6.01],[116.028,6.01],[116.024,6.005],[116.021,6.011],[116.019,6.009],[116.017,6.012],[116.015,6.01],[116.012,6.01],[116.007,6.013],[116.007,6.018],[116.004,6.023],[116.006,6.033],[116.011,6.044],[116.015,6.045],[116.018,6.043],[116.019,6.029],[116.022,6.029],[116.028,6.035],[116.031,6.027],[116.03,6.025],[116.039,6.027],[116.042,6.032],[116.05,6.032],[116.051,6.028],[116.052,6.027],[116.048,6.015],[116.052,6.014],[116.051,6.009],[116.052,6.007],[116.058,6.008],[116.06,6.014],[116.063,6.018],[116.064,6.008],[116.062,6.003],[116.068,6],[116.068,5.996],[116.06,5.995],[116.055,6],[116.051,6.002],[116.041,5.99],[116.041,5.992]]],[[[116.062,6.054],[116.06,6.055],[116.061,6.063],[116.064,6.065],[116.063,6.068],[116.072,6.072],[116.07,6.066],[116.071,6.063],[116.068,6.059],[116.067,6.056],[116.062,6.054]]],[[[116.333,6.397],[116.333,6.398],[116.337,6.402],[116.341,6.402],[116.34,6.4],[116.341,6.398],[116.338,6.397],[116.338,6.393],[116.335,6.391],[116.326,6.396],[116.332,6.396],[116.333,6.397]]],[[[116.079,6.074],[116.081,6.076],[116.082,6.076],[116.081,6.074],[116.079,6.073],[116.079,6.074]]],[[[116.085,6.079],[116.085,6.078],[116.086,6.082],[116.087,6.081],[116.085,6.079]]],[[[115.931,6.113],[115.937,6.116],[115.943,6.116],[115.95,6.107],[115.942,6.094],[115.934,6.093],[115.925,6.096],[115.926,6.11],[115.931,6.113]]],[[[116.316,6.707],[116.309,6.708],[116.299,6.714],[116.309,6.711],[116.316,6.707]]],[[[118.009,5.791],[118.012,5.795],[118.017,5.789],[118.009,5.791],[118.009,5.791]]],[[[118.181,5.788],[118.174,5.787],[118.169,5.782],[118.166,5.785],[118.164,5.781],[118.16,5.781],[118.154,5.788],[118.155,5.792],[118.149,5.794],[118.146,5.8],[118.156,5.807],[118.179,5.811],[118.184,5.81],[118.188,5.816],[118.186,5.807],[118.188,5.797],[118.181,5.788]]],[[[118.192,5.812],[118.195,5.806],[118.195,5.803],[118.193,5.801],[118.189,5.802],[118.188,5.805],[118.189,5.812],[118.19,5.814],[118.192,5.812]]],[[[118.216,5.825],[118.209,5.823],[118.207,5.825],[118.204,5.833],[118.197,5.835],[118.202,5.831],[118.203,5.826],[118.2,5.824],[118.178,5.816],[118.177,5.814],[118.161,5.819],[118.163,5.822],[118.162,5.825],[118.159,5.824],[118.159,5.82],[118.153,5.825],[118.153,5.828],[118.159,5.829],[118.155,5.83],[118.16,5.838],[118.173,5.849],[118.184,5.852],[118.198,5.852],[118.189,5.854],[118.177,5.853],[118.17,5.85],[118.161,5.841],[118.166,5.848],[118.173,5.853],[118.178,5.855],[118.196,5.856],[118.22,5.85],[118.227,5.846],[118.231,5.842],[118.231,5.839],[118.229,5.836],[118.221,5.827],[118.216,5.825]]],[[[117.635,5.941],[117.622,5.94],[117.629,5.934],[117.616,5.927],[117.596,5.923],[117.585,5.922],[117.58,5.924],[117.576,5.931],[117.569,5.937],[117.566,5.938],[117.563,5.937],[117.56,5.931],[117.558,5.933],[117.557,5.952],[117.559,5.957],[117.563,5.947],[117.567,5.944],[117.572,5.946],[117.575,5.951],[117.576,5.965],[117.579,5.974],[117.596,5.97],[117.604,5.973],[117.618,5.986],[117.624,5.994],[117.624,6.006],[117.627,6.014],[117.631,6.022],[117.636,6.026],[117.644,6.019],[117.647,6.008],[117.646,6.006],[117.634,6.005],[117.63,6.003],[117.626,5.993],[117.628,5.988],[117.637,5.978],[117.639,5.966],[117.648,5.954],[117.643,5.946],[117.635,5.941]]],[[[117.69,5.967],[117.686,5.964],[117.675,5.958],[117.668,5.942],[117.654,5.944],[117.66,5.954],[117.674,5.962],[117.677,5.966],[117.679,5.997],[117.683,6.008],[117.691,6.009],[117.701,6.014],[117.701,6.007],[117.703,6.004],[117.71,5.998],[117.708,5.992],[117.69,5.967]]],[[[117.66,5.966],[117.653,5.96],[117.65,5.96],[117.645,5.964],[117.639,5.981],[117.63,5.99],[117.63,5.997],[117.634,6],[117.654,6.004],[117.659,6.002],[117.663,6.004],[117.671,6.001],[117.673,5.978],[117.668,5.972],[117.66,5.966]]],[[[117.613,5.991],[117.607,5.983],[117.594,5.974],[117.588,5.976],[117.572,5.986],[117.569,5.995],[117.566,5.997],[117.567,6.004],[117.564,6.007],[117.571,6.014],[117.574,6.026],[117.578,6.024],[117.599,6.027],[117.604,6.033],[117.607,6.04],[117.611,6.042],[117.614,6.041],[117.616,6.032],[117.62,6.028],[117.618,6.011],[117.619,5.999],[117.621,5.995],[117.617,5.991],[117.613,5.991]]],[[[118.142,5.89],[118.146,5.881],[118.15,5.876],[118.151,5.87],[118.145,5.858],[118.142,5.86],[118.139,5.879],[118.141,5.888],[118.139,5.892],[118.142,5.89]]],[[[118.098,5.906],[118.095,5.903],[118.09,5.905],[118.088,5.907],[118.098,5.912],[118.099,5.909],[118.098,5.906]]],[[[118.109,5.93],[118.114,5.926],[118.114,5.923],[118.113,5.92],[118.102,5.918],[118.102,5.928],[118.106,5.933],[118.109,5.93]]],[[[118.029,6.123],[118.03,6.12],[118.026,6.117],[118.021,6.111],[118.017,6.11],[118.01,6.114],[118.01,6.117],[118.017,6.12],[118.017,6.123],[118.021,6.126],[118.029,6.123]]],[[[117.491,6.653],[117.481,6.647],[117.471,6.642],[117.457,6.641],[117.442,6.636],[117.425,6.624],[117.414,6.627],[117.404,6.625],[117.396,6.622],[117.377,6.632],[117.371,6.634],[117.342,6.635],[117.322,6.652],[117.318,6.657],[117.318,6.663],[117.324,6.672],[117.334,6.678],[117.347,6.683],[117.364,6.682],[117.393,6.676],[117.404,6.676],[117.418,6.683],[117.422,6.688],[117.432,6.692],[117.44,6.701],[117.434,6.698],[117.426,6.699],[117.42,6.707],[117.388,6.718],[117.383,6.738],[117.391,6.747],[117.404,6.753],[117.415,6.753],[117.443,6.748],[117.453,6.75],[117.469,6.757],[117.475,6.735],[117.492,6.706],[117.5,6.696],[117.503,6.675],[117.499,6.665],[117.491,6.653]]],[[[117.542,6.984],[117.615,6.988],[117.63,6.975],[117.635,6.951],[117.61,6.916],[117.571,6.926],[117.552,6.94],[117.545,6.967],[117.542,6.984]]],[[[117.324,7.204],[117.33,7.205],[117.34,7.198],[117.341,7.196],[117.335,7.198],[117.326,7.197],[117.323,7.2],[117.324,7.204]]],[[[117.33,7.23],[117.332,7.228],[117.337,7.231],[117.339,7.228],[117.337,7.221],[117.334,7.219],[117.332,7.221],[117.322,7.22],[117.32,7.223],[117.322,7.229],[117.324,7.231],[117.327,7.229],[117.33,7.23]]],[[[116.923,6.666],[116.921,6.665],[116.918,6.67],[116.923,6.672],[116.926,6.668],[116.923,6.666]]],[[[116.361,6.709],[116.361,6.706],[116.355,6.705],[116.342,6.71],[116.339,6.717],[116.335,6.717],[116.338,6.72],[116.344,6.721],[116.345,6.717],[116.35,6.716],[116.357,6.714],[116.361,6.709]]],[[[117.27,6.834],[117.281,6.839],[117.283,6.839],[117.279,6.83],[117.275,6.825],[117.263,6.821],[117.26,6.816],[117.253,6.822],[117.27,6.834]]],[[[117.345,7.043],[117.346,7.039],[117.338,7.037],[117.333,7.031],[117.329,7.032],[117.32,7.037],[117.317,7.035],[117.322,7.029],[117.323,7.026],[117.319,7.021],[117.309,7.015],[117.3,7.017],[117.295,7.02],[117.284,7.026],[117.281,7.037],[117.279,7.039],[117.279,7.041],[117.276,7.04],[117.268,7.043],[117.265,7.046],[117.265,7.05],[117.267,7.051],[117.276,7.046],[117.282,7.047],[117.28,7.052],[117.277,7.054],[117.264,7.055],[117.262,7.06],[117.268,7.065],[117.268,7.071],[117.277,7.075],[117.291,7.075],[117.291,7.072],[117.288,7.069],[117.297,7.068],[117.301,7.071],[117.302,7.078],[117.31,7.074],[117.316,7.073],[117.316,7.065],[117.321,7.065],[117.325,7.07],[117.333,7.065],[117.335,7.058],[117.348,7.048],[117.345,7.043]]],[[[117.067,7.094],[117.07,7.09],[117.061,7.088],[117.058,7.091],[117.054,7.093],[117.054,7.095],[117.059,7.096],[117.063,7.094],[117.067,7.094]]],[[[117.09,7.11],[117.094,7.115],[117.105,7.112],[117.095,7.105],[117.088,7.105],[117.09,7.11]]],[[[117.102,7.131],[117.107,7.13],[117.106,7.129],[117.094,7.128],[117.094,7.131],[117.096,7.132],[117.102,7.131]]],[[[117.129,7.13],[117.13,7.132],[117.133,7.134],[117.132,7.135],[117.121,7.132],[117.116,7.133],[117.116,7.135],[117.119,7.14],[117.127,7.141],[117.135,7.151],[117.148,7.155],[117.145,7.15],[117.148,7.147],[117.147,7.144],[117.144,7.141],[117.144,7.139],[117.147,7.136],[117.141,7.126],[117.139,7.124],[117.134,7.124],[117.129,7.13]]],[[[117.169,7.148],[117.165,7.148],[117.165,7.147],[117.162,7.147],[117.161,7.15],[117.165,7.159],[117.165,7.163],[117.169,7.169],[117.176,7.17],[117.196,7.178],[117.202,7.173],[117.202,7.164],[117.197,7.159],[117.189,7.157],[117.187,7.159],[117.177,7.156],[117.172,7.151],[117.172,7.148],[117.169,7.148]]],[[[117.301,7.231],[117.302,7.236],[117.306,7.24],[117.313,7.239],[117.319,7.242],[117.321,7.241],[117.323,7.238],[117.317,7.224],[117.313,7.217],[117.308,7.204],[117.306,7.204],[117.305,7.208],[117.305,7.218],[117.295,7.221],[117.295,7.225],[117.301,7.231]]],[[[117.29,7.33],[117.295,7.323],[117.293,7.318],[117.283,7.307],[117.28,7.309],[117.279,7.308],[117.274,7.3],[117.275,7.294],[117.262,7.275],[117.265,7.264],[117.273,7.265],[117.277,7.263],[117.274,7.26],[117.268,7.259],[117.266,7.256],[117.26,7.255],[117.259,7.249],[117.263,7.244],[117.268,7.246],[117.277,7.243],[117.279,7.248],[117.282,7.247],[117.282,7.243],[117.278,7.237],[117.279,7.235],[117.282,7.233],[117.278,7.226],[117.273,7.225],[117.273,7.221],[117.276,7.22],[117.272,7.213],[117.262,7.205],[117.256,7.197],[117.26,7.19],[117.248,7.184],[117.242,7.184],[117.243,7.189],[117.247,7.197],[117.25,7.219],[117.25,7.224],[117.245,7.223],[117.243,7.221],[117.244,7.219],[117.242,7.213],[117.237,7.217],[117.236,7.214],[117.237,7.209],[117.236,7.207],[117.232,7.205],[117.223,7.186],[117.217,7.183],[117.214,7.186],[117.214,7.189],[117.208,7.186],[117.195,7.185],[117.183,7.188],[117.173,7.184],[117.166,7.178],[117.157,7.177],[117.15,7.174],[117.137,7.161],[117.11,7.139],[117.1,7.137],[117.087,7.139],[117.09,7.133],[117.087,7.128],[117.088,7.126],[117.091,7.125],[117.091,7.123],[117.088,7.116],[117.077,7.102],[117.071,7.102],[117.074,7.115],[117.062,7.125],[117.059,7.124],[117.057,7.125],[117.057,7.128],[117.062,7.133],[117.063,7.14],[117.062,7.142],[117.064,7.145],[117.061,7.157],[117.064,7.161],[117.072,7.166],[117.074,7.173],[117.072,7.175],[117.069,7.173],[117.06,7.174],[117.06,7.181],[117.055,7.181],[117.053,7.184],[117.053,7.191],[117.057,7.195],[117.062,7.196],[117.063,7.199],[117.063,7.206],[117.054,7.207],[117.057,7.225],[117.056,7.228],[117.058,7.231],[117.058,7.235],[117.063,7.242],[117.065,7.248],[117.064,7.252],[117.067,7.263],[117.062,7.272],[117.059,7.287],[117.06,7.291],[117.072,7.298],[117.075,7.303],[117.081,7.301],[117.089,7.308],[117.101,7.31],[117.103,7.307],[117.108,7.309],[117.112,7.315],[117.119,7.312],[117.123,7.313],[117.13,7.324],[117.128,7.326],[117.13,7.328],[117.135,7.329],[117.137,7.332],[117.143,7.335],[117.15,7.35],[117.156,7.342],[117.16,7.34],[117.165,7.341],[117.171,7.345],[117.174,7.349],[117.179,7.35],[117.18,7.356],[117.188,7.359],[117.19,7.356],[117.201,7.35],[117.216,7.358],[117.232,7.361],[117.265,7.348],[117.277,7.351],[117.282,7.344],[117.284,7.339],[117.289,7.334],[117.29,7.33]]],[[[117.021,7.273],[117.019,7.272],[117.009,7.274],[116.995,7.282],[116.991,7.288],[116.993,7.301],[116.98,7.306],[116.977,7.305],[116.969,7.294],[116.963,7.28],[116.965,7.271],[116.972,7.267],[116.981,7.253],[116.982,7.243],[116.976,7.242],[116.956,7.25],[116.95,7.249],[116.941,7.24],[116.941,7.244],[116.943,7.248],[116.939,7.246],[116.93,7.232],[116.924,7.232],[116.92,7.235],[116.917,7.235],[116.913,7.239],[116.904,7.236],[116.896,7.237],[116.898,7.231],[116.894,7.225],[116.89,7.223],[116.888,7.226],[116.877,7.226],[116.871,7.223],[116.865,7.215],[116.868,7.212],[116.874,7.214],[116.88,7.22],[116.882,7.22],[116.884,7.214],[116.891,7.209],[116.888,7.206],[116.882,7.204],[116.884,7.2],[116.871,7.201],[116.857,7.19],[116.854,7.195],[116.85,7.197],[116.85,7.202],[116.856,7.212],[116.862,7.226],[116.861,7.24],[116.876,7.264],[116.877,7.268],[116.875,7.273],[116.879,7.278],[116.883,7.286],[116.891,7.285],[116.897,7.288],[116.905,7.299],[116.91,7.299],[116.914,7.297],[116.916,7.293],[116.928,7.291],[116.951,7.305],[116.968,7.311],[116.975,7.316],[116.984,7.329],[116.989,7.343],[116.998,7.356],[117.003,7.356],[117.008,7.351],[117.012,7.347],[117.015,7.337],[117.018,7.32],[117.014,7.296],[117.021,7.279],[117.021,7.273]]],[[[117.308,7.305],[117.315,7.306],[117.312,7.298],[117.317,7.292],[117.299,7.286],[117.302,7.277],[117.294,7.269],[117.288,7.273],[117.286,7.288],[117.291,7.287],[117.295,7.302],[117.303,7.306],[117.308,7.305]]]]}},{"type":"Feature","properties":{"id":"kelantan","name":"Kelantan"},"geometry":{"type":"MultiPolygon","coordinates":[[[[101.815,4.759],[101.805,4.76],[101.8,4.763],[101.796,4.762],[101.797,4.758],[101.796,4.757],[101.78,4.759],[101.777,4.753],[101.774,4.741],[101.773,4.725],[101.775,4.717],[101.773,4.71],[101.776,4.706],[101.775,4.704],[101.772,4.701],[101.77,4.696],[101.771,4.692],[101.769,4.679],[101.77,4.676],[101.773,4.673],[101.774,4.664],[101.768,4.654],[101.767,4.636],[101.764,4.623],[101.762,4.622],[101.758,4.625],[101.753,4.622],[101.752,4.621],[101.755,4.612],[101.752,4.61],[101.748,4.613],[101.741,4.614],[101.732,4.623],[101.728,4.622],[101.725,4.619],[101.726,4.612],[101.723,4.609],[101.721,4.61],[101.717,4.607],[101.712,4.608],[101.709,4.604],[101.69,4.6],[101.678,4.594],[101.673,4.594],[101.668,4.583],[101.668,4.572],[101.662,4.564],[101.652,4.557],[101.645,4.557],[101.641,4.559],[101.636,4.558],[101.624,4.547],[101.621,4.547],[101.618,4.55],[101.614,4.561],[101.612,4.561],[101.595,4.559],[101.592,4.557],[101.59,4.552],[101.585,4.557],[101.585,4.563],[101.578,4.565],[101.574,4.568],[101.575,4.571],[101.567,4.577],[101.559,4.579],[101.554,4.576],[101.55,4.577],[101.546,4.584],[101.544,4.594],[101.534,4.604],[101.525,4.607],[101.522,4.612],[101.52,4.613],[101.517,4.608],[101.509,4.609],[101.507,4.608],[101.502,4.614],[101.496,4.603],[101.49,4.6],[101.483,4.603],[101.481,4.601],[101.478,4.594],[101.476,4.583],[101.477,4.576],[101.476,4.575],[101.47,4.574],[101.465,4.577],[101.461,4.575],[101.452,4.575],[101.447,4.578],[101.444,4.589],[101.439,4.591],[101.433,4.596],[101.426,4.607],[101.416,4.609],[101.413,4.615],[101.407,4.615],[101.402,4.619],[101.398,4.615],[101.384,4.611],[101.373,4.614],[101.372,4.613],[101.369,4.618],[101.374,4.63],[101.368,4.635],[101.364,4.636],[101.361,4.641],[101.36,4.652],[101.358,4.656],[101.355,4.66],[101.352,4.661],[101.347,4.67],[101.344,4.672],[101.34,4.678],[101.335,4.681],[101.336,4.685],[101.335,4.693],[101.34,4.697],[101.339,4.704],[101.345,4.71],[101.347,4.709],[101.35,4.704],[101.352,4.703],[101.357,4.704],[101.366,4.711],[101.369,4.711],[101.372,4.706],[101.376,4.705],[101.38,4.708],[101.381,4.713],[101.387,4.717],[101.387,4.724],[101.385,4.733],[101.38,4.74],[101.377,4.752],[101.374,4.759],[101.387,4.762],[101.395,4.761],[101.397,4.763],[101.396,4.773],[101.405,4.785],[101.406,4.792],[101.413,4.801],[101.415,4.811],[101.41,4.816],[101.407,4.824],[101.4,4.833],[101.403,4.839],[101.402,4.842],[101.406,4.844],[101.412,4.843],[101.409,4.849],[101.41,4.854],[101.413,4.855],[101.419,4.852],[101.421,4.854],[101.424,4.852],[101.43,4.857],[101.429,4.859],[101.433,4.858],[101.434,4.859],[101.44,4.857],[101.446,4.858],[101.443,4.861],[101.436,4.866],[101.438,4.87],[101.436,4.875],[101.436,4.879],[101.445,4.878],[101.446,4.884],[101.453,4.892],[101.451,4.9],[101.454,4.905],[101.455,4.91],[101.454,4.922],[101.451,4.925],[101.448,4.935],[101.446,4.936],[101.444,4.942],[101.449,4.946],[101.448,4.952],[101.445,4.958],[101.442,4.96],[101.437,4.962],[101.434,4.966],[101.426,4.972],[101.422,4.984],[101.425,4.987],[101.433,4.99],[101.439,4.989],[101.444,4.997],[101.46,4.999],[101.466,5.005],[101.471,5.015],[101.474,5.025],[101.473,5.041],[101.476,5.051],[101.474,5.062],[101.478,5.071],[101.488,5.078],[101.492,5.086],[101.486,5.096],[101.488,5.102],[101.486,5.106],[101.491,5.116],[101.493,5.131],[101.491,5.138],[101.488,5.141],[101.488,5.147],[101.489,5.152],[101.496,5.16],[101.492,5.166],[101.492,5.172],[101.498,5.176],[101.498,5.184],[101.501,5.189],[101.508,5.191],[101.511,5.199],[101.514,5.202],[101.514,5.209],[101.518,5.22],[101.514,5.236],[101.52,5.245],[101.525,5.249],[101.526,5.253],[101.523,5.262],[101.525,5.269],[101.524,5.278],[101.527,5.278],[101.53,5.282],[101.535,5.278],[101.537,5.27],[101.542,5.269],[101.546,5.272],[101.549,5.271],[101.551,5.276],[101.549,5.285],[101.55,5.29],[101.56,5.294],[101.563,5.3],[101.571,5.297],[101.573,5.301],[101.575,5.303],[101.571,5.313],[101.576,5.341],[101.58,5.345],[101.585,5.346],[101.591,5.344],[101.595,5.347],[101.601,5.348],[101.6,5.351],[101.61,5.367],[101.608,5.384],[101.61,5.394],[101.616,5.391],[101.631,5.368],[101.637,5.365],[101.643,5.365],[101.644,5.368],[101.653,5.37],[101.658,5.368],[101.66,5.363],[101.668,5.361],[101.671,5.357],[101.672,5.353],[101.674,5.352],[101.679,5.356],[101.682,5.363],[101.702,5.361],[101.707,5.366],[101.707,5.369],[101.714,5.374],[101.722,5.377],[101.727,5.382],[101.74,5.385],[101.745,5.394],[101.745,5.399],[101.751,5.403],[101.754,5.408],[101.745,5.413],[101.739,5.428],[101.74,5.437],[101.742,5.439],[101.741,5.445],[101.743,5.448],[101.743,5.46],[101.739,5.467],[101.738,5.492],[101.734,5.498],[101.744,5.513],[101.745,5.527],[101.743,5.54],[101.741,5.545],[101.736,5.549],[101.729,5.545],[101.726,5.537],[101.72,5.54],[101.716,5.546],[101.716,5.549],[101.706,5.549],[101.701,5.547],[101.696,5.544],[101.693,5.537],[101.689,5.535],[101.684,5.54],[101.677,5.542],[101.674,5.547],[101.667,5.546],[101.66,5.543],[101.649,5.555],[101.652,5.561],[101.657,5.565],[101.656,5.568],[101.659,5.569],[101.659,5.575],[101.665,5.578],[101.668,5.584],[101.665,5.586],[101.666,5.592],[101.672,5.598],[101.67,5.606],[101.677,5.62],[101.676,5.624],[101.672,5.628],[101.67,5.627],[101.668,5.633],[101.664,5.634],[101.663,5.636],[101.659,5.637],[101.656,5.636],[101.651,5.638],[101.649,5.642],[101.643,5.643],[101.646,5.649],[101.644,5.654],[101.652,5.667],[101.65,5.671],[101.645,5.676],[101.648,5.689],[101.645,5.697],[101.646,5.702],[101.648,5.704],[101.653,5.704],[101.653,5.708],[101.66,5.718],[101.661,5.722],[101.674,5.73],[101.677,5.737],[101.68,5.738],[101.677,5.744],[101.676,5.755],[101.672,5.76],[101.676,5.765],[101.673,5.785],[101.675,5.791],[101.685,5.789],[101.692,5.791],[101.695,5.795],[101.701,5.795],[101.707,5.811],[101.71,5.809],[101.711,5.804],[101.728,5.801],[101.732,5.795],[101.735,5.794],[101.736,5.794],[101.743,5.799],[101.747,5.798],[101.752,5.799],[101.76,5.797],[101.767,5.789],[101.771,5.789],[101.777,5.784],[101.776,5.775],[101.777,5.769],[101.792,5.752],[101.799,5.75],[101.805,5.744],[101.809,5.745],[101.814,5.74],[101.817,5.733],[101.827,5.734],[101.825,5.753],[101.82,5.758],[101.839,5.79],[101.841,5.792],[101.844,5.791],[101.856,5.792],[101.857,5.794],[101.864,5.791],[101.867,5.792],[101.868,5.793],[101.865,5.796],[101.865,5.799],[101.861,5.799],[101.863,5.803],[101.871,5.806],[101.874,5.803],[101.878,5.807],[101.878,5.81],[101.882,5.812],[101.881,5.817],[101.878,5.822],[101.88,5.834],[101.884,5.835],[101.886,5.84],[101.891,5.839],[101.894,5.843],[101.896,5.844],[101.907,5.842],[101.915,5.844],[101.919,5.847],[101.929,5.853],[101.927,5.859],[101.931,5.863],[101.938,5.864],[101.943,5.874],[101.94,5.879],[101.939,5.889],[101.937,5.889],[101.931,5.905],[101.932,5.907],[101.929,5.906],[101.929,5.91],[101.923,5.911],[101.92,5.915],[101.921,5.919],[101.924,5.925],[101.927,5.924],[101.929,5.933],[101.929,5.935],[101.93,5.936],[101.929,5.938],[101.93,5.945],[101.928,5.947],[101.929,5.951],[101.937,5.95],[101.943,5.957],[101.942,5.959],[101.941,5.959],[101.942,5.965],[101.939,5.973],[101.945,5.978],[101.944,5.981],[101.942,5.982],[101.944,5.987],[101.948,5.985],[101.947,5.992],[101.95,5.991],[101.95,5.988],[101.952,5.989],[101.951,5.995],[101.953,5.994],[101.954,5.992],[101.955,5.996],[101.956,5.995],[101.96,5.995],[101.959,5.998],[101.963,5.998],[101.967,6.004],[101.971,6.006],[101.968,6.018],[101.976,6.026],[101.977,6.03],[101.976,6.032],[101.982,6.029],[101.991,6.041],[102,6.041],[102.003,6.045],[102.003,6.049],[102.004,6.052],[102.011,6.051],[102.015,6.054],[102.019,6.053],[102.021,6.061],[102.029,6.066],[102.032,6.072],[102.034,6.07],[102.054,6.081],[102.058,6.087],[102.058,6.091],[102.061,6.091],[102.059,6.097],[102.061,6.097],[102.062,6.103],[102.064,6.107],[102.066,6.107],[102.067,6.109],[102.071,6.109],[102.073,6.116],[102.074,6.116],[102.073,6.118],[102.075,6.118],[102.076,6.124],[102.079,6.125],[102.079,6.128],[102.08,6.128],[102.082,6.13],[102.083,6.137],[102.088,6.138],[102.088,6.141],[102.093,6.147],[102.089,6.159],[102.086,6.158],[102.085,6.16],[102.085,6.166],[102.082,6.172],[102.08,6.17],[102.078,6.172],[102.081,6.181],[102.077,6.192],[102.078,6.198],[102.081,6.203],[102.079,6.21],[102.081,6.22],[102.081,6.226],[102.093,6.234],[102.092,6.239],[102.087,6.244],[102.095,6.242],[102.106,6.231],[102.12,6.224],[102.127,6.218],[102.132,6.218],[102.145,6.222],[102.158,6.222],[102.167,6.22],[102.157,6.22],[102.153,6.216],[102.153,6.22],[102.147,6.22],[102.143,6.217],[102.139,6.218],[102.135,6.215],[102.134,6.215],[102.136,6.217],[102.133,6.215],[102.127,6.216],[102.132,6.212],[102.145,6.207],[102.161,6.205],[102.161,6.202],[102.174,6.201],[102.178,6.205],[102.184,6.206],[102.184,6.208],[102.179,6.208],[102.177,6.209],[102.176,6.213],[102.189,6.218],[102.209,6.217],[102.211,6.219],[102.218,6.219],[102.227,6.218],[102.228,6.221],[102.221,6.225],[102.225,6.225],[102.24,6.218],[102.259,6.205],[102.266,6.203],[102.285,6.191],[102.296,6.19],[102.323,6.181],[102.338,6.172],[102.339,6.169],[102.341,6.169],[102.341,6.171],[102.346,6.166],[102.365,6.141],[102.375,6.124],[102.461,5.93],[102.468,5.917],[102.47,5.917],[102.486,5.895],[102.487,5.896],[102.508,5.872],[102.537,5.847],[102.488,5.791],[102.456,5.763],[102.434,5.748],[102.436,5.746],[102.43,5.738],[102.422,5.724],[102.419,5.722],[102.418,5.719],[102.415,5.719],[102.406,5.711],[102.404,5.702],[102.399,5.695],[102.394,5.698],[102.383,5.69],[102.384,5.687],[102.381,5.682],[102.385,5.679],[102.385,5.677],[102.389,5.671],[102.388,5.665],[102.39,5.661],[102.388,5.652],[102.389,5.647],[102.392,5.64],[102.391,5.631],[102.396,5.627],[102.397,5.619],[102.4,5.619],[102.402,5.614],[102.404,5.613],[102.4,5.602],[102.4,5.578],[102.404,5.567],[102.407,5.559],[102.406,5.556],[102.411,5.543],[102.41,5.542],[102.406,5.543],[102.403,5.541],[102.404,5.538],[102.4,5.528],[102.396,5.526],[102.393,5.521],[102.384,5.52],[102.383,5.517],[102.385,5.51],[102.389,5.509],[102.395,5.496],[102.392,5.481],[102.392,5.474],[102.396,5.471],[102.4,5.466],[102.402,5.46],[102.402,5.457],[102.4,5.457],[102.401,5.451],[102.404,5.442],[102.406,5.442],[102.405,5.437],[102.399,5.432],[102.396,5.424],[102.39,5.427],[102.387,5.424],[102.388,5.41],[102.391,5.407],[102.394,5.408],[102.396,5.404],[102.401,5.4],[102.403,5.396],[102.413,5.393],[102.415,5.388],[102.42,5.388],[102.423,5.391],[102.422,5.382],[102.425,5.381],[102.428,5.373],[102.432,5.369],[102.442,5.369],[102.445,5.362],[102.443,5.36],[102.442,5.361],[102.439,5.357],[102.432,5.356],[102.428,5.352],[102.43,5.345],[102.428,5.338],[102.43,5.323],[102.428,5.32],[102.422,5.318],[102.42,5.31],[102.419,5.296],[102.417,5.29],[102.419,5.285],[102.418,5.279],[102.421,5.27],[102.417,5.259],[102.419,5.24],[102.417,5.232],[102.418,5.224],[102.424,5.212],[102.421,5.194],[102.416,5.189],[102.414,5.182],[102.418,5.179],[102.436,5.179],[102.441,5.175],[102.445,5.168],[102.458,5.168],[102.466,5.166],[102.466,5.161],[102.473,5.159],[102.476,5.152],[102.485,5.144],[102.486,5.138],[102.488,5.135],[102.497,5.134],[102.508,5.128],[102.514,5.126],[102.515,5.122],[102.519,5.115],[102.527,5.11],[102.528,5.104],[102.522,5.099],[102.518,5.098],[102.518,5.089],[102.516,5.086],[102.514,5.084],[102.505,5.086],[102.499,5.074],[102.503,5.072],[102.506,5.063],[102.512,5.054],[102.509,5.047],[102.51,5.042],[102.516,5.034],[102.515,5.031],[102.519,5.026],[102.511,5.009],[102.507,5.009],[102.498,5.006],[102.5,5.002],[102.498,4.993],[102.506,4.974],[102.513,4.965],[102.522,4.959],[102.516,4.947],[102.52,4.945],[102.521,4.938],[102.515,4.937],[102.513,4.933],[102.515,4.918],[102.508,4.901],[102.53,4.893],[102.533,4.895],[102.537,4.902],[102.541,4.904],[102.549,4.899],[102.554,4.9],[102.559,4.898],[102.562,4.894],[102.564,4.895],[102.566,4.893],[102.573,4.893],[102.589,4.878],[102.589,4.875],[102.593,4.871],[102.605,4.872],[102.618,4.859],[102.625,4.859],[102.629,4.854],[102.634,4.854],[102.642,4.848],[102.647,4.846],[102.648,4.848],[102.65,4.847],[102.654,4.839],[102.646,4.823],[102.646,4.815],[102.648,4.812],[102.652,4.811],[102.659,4.802],[102.661,4.786],[102.667,4.781],[102.667,4.778],[102.664,4.775],[102.664,4.771],[102.658,4.764],[102.657,4.759],[102.635,4.764],[102.629,4.771],[102.611,4.779],[102.609,4.777],[102.608,4.772],[102.601,4.768],[102.605,4.762],[102.606,4.754],[102.601,4.752],[102.6,4.747],[102.598,4.744],[102.599,4.741],[102.596,4.738],[102.6,4.733],[102.602,4.727],[102.603,4.716],[102.606,4.7],[102.603,4.695],[102.604,4.687],[102.597,4.686],[102.592,4.689],[102.59,4.689],[102.583,4.695],[102.571,4.69],[102.553,4.709],[102.549,4.709],[102.546,4.707],[102.543,4.694],[102.536,4.686],[102.531,4.683],[102.528,4.676],[102.519,4.674],[102.513,4.667],[102.506,4.669],[102.502,4.667],[102.482,4.685],[102.458,4.7],[102.46,4.704],[102.449,4.712],[102.437,4.712],[102.429,4.71],[102.421,4.713],[102.41,4.715],[102.403,4.711],[102.398,4.712],[102.381,4.712],[102.377,4.709],[102.367,4.708],[102.362,4.701],[102.363,4.696],[102.373,4.69],[102.372,4.681],[102.367,4.676],[102.365,4.667],[102.348,4.654],[102.344,4.646],[102.346,4.643],[102.345,4.64],[102.34,4.639],[102.338,4.642],[102.334,4.636],[102.323,4.639],[102.317,4.637],[102.314,4.64],[102.308,4.641],[102.299,4.646],[102.287,4.655],[102.271,4.663],[102.263,4.657],[102.249,4.656],[102.24,4.652],[102.235,4.65],[102.233,4.651],[102.23,4.647],[102.234,4.633],[102.229,4.633],[102.224,4.628],[102.218,4.629],[102.21,4.634],[102.203,4.635],[102.198,4.638],[102.192,4.648],[102.185,4.654],[102.175,4.658],[102.173,4.663],[102.175,4.666],[102.175,4.673],[102.17,4.682],[102.164,4.686],[102.16,4.693],[102.146,4.705],[102.141,4.706],[102.13,4.713],[102.123,4.722],[102.127,4.738],[102.12,4.749],[102.115,4.761],[102.112,4.762],[102.095,4.758],[102.089,4.753],[102.086,4.753],[102.081,4.747],[102.067,4.74],[102.062,4.739],[102.058,4.742],[102.057,4.742],[102.05,4.735],[102.051,4.728],[102.049,4.725],[102.046,4.727],[102.043,4.726],[102.042,4.73],[102.04,4.731],[102.037,4.73],[102.035,4.731],[102.031,4.739],[102.028,4.741],[102.022,4.74],[102.02,4.733],[102.014,4.736],[102.009,4.744],[102.004,4.747],[102.001,4.752],[102.002,4.759],[102.001,4.762],[101.995,4.759],[101.992,4.761],[101.99,4.759],[101.987,4.76],[101.988,4.752],[101.984,4.748],[101.986,4.745],[101.985,4.741],[101.983,4.743],[101.98,4.743],[101.973,4.749],[101.97,4.749],[101.968,4.76],[101.965,4.761],[101.964,4.764],[101.952,4.757],[101.95,4.753],[101.949,4.745],[101.952,4.733],[101.951,4.722],[101.952,4.713],[101.947,4.689],[101.943,4.681],[101.945,4.675],[101.943,4.666],[101.938,4.658],[101.927,4.657],[101.924,4.651],[101.922,4.642],[101.916,4.632],[101.912,4.611],[101.903,4.609],[101.897,4.613],[101.895,4.616],[101.893,4.628],[101.889,4.636],[101.89,4.643],[101.894,4.649],[101.892,4.655],[101.893,4.662],[101.887,4.665],[101.889,4.671],[101.884,4.675],[101.878,4.678],[101.868,4.679],[101.864,4.685],[101.862,4.693],[101.86,4.692],[101.854,4.685],[101.851,4.684],[101.847,4.687],[101.845,4.699],[101.846,4.705],[101.842,4.72],[101.836,4.721],[101.83,4.716],[101.824,4.718],[101.82,4.723],[101.82,4.751],[101.816,4.755],[101.815,4.759]]]]}},{"type":"Feature","properties":{"id":"ns","name":"Negeri Sembilan"},"geometry":{"type":"MultiPolygon","coordinates":[[[[102.625,2.629],[102.624,2.625],[102.626,2.621],[102.625,2.617],[102.629,2.609],[102.633,2.609],[102.638,2.606],[102.638,2.6],[102.636,2.598],[102.637,2.595],[102.633,2.593],[102.631,2.583],[102.628,2.587],[102.624,2.585],[102.623,2.581],[102.616,2.578],[102.616,2.574],[102.614,2.571],[102.613,2.568],[102.607,2.564],[102.608,2.56],[102.611,2.559],[102.613,2.552],[102.612,2.55],[102.609,2.549],[102.611,2.546],[102.608,2.541],[102.609,2.533],[102.611,2.531],[102.612,2.526],[102.619,2.517],[102.612,2.508],[102.606,2.505],[102.607,2.503],[102.604,2.498],[102.606,2.488],[102.61,2.487],[102.61,2.484],[102.613,2.482],[102.615,2.476],[102.614,2.473],[102.616,2.469],[102.615,2.465],[102.603,2.46],[102.603,2.456],[102.6,2.456],[102.595,2.451],[102.594,2.441],[102.592,2.436],[102.593,2.432],[102.589,2.424],[102.591,2.417],[102.592,2.416],[102.593,2.413],[102.592,2.405],[102.585,2.412],[102.557,2.416],[102.508,2.434],[102.431,2.454],[102.431,2.456],[102.429,2.456],[102.429,2.464],[102.412,2.472],[102.362,2.488],[102.319,2.479],[102.274,2.457],[102.229,2.465],[102.206,2.48],[102.201,2.48],[102.2,2.483],[102.193,2.485],[102.188,2.491],[102.174,2.498],[102.139,2.456],[102.119,2.461],[102.086,2.446],[102.083,2.451],[102.079,2.454],[102.075,2.453],[102.068,2.457],[102.063,2.456],[102.06,2.453],[102.06,2.447],[102.058,2.444],[102.059,2.442],[102.063,2.442],[102.063,2.441],[102.058,2.434],[102.05,2.434],[102.047,2.427],[102.049,2.423],[102.048,2.42],[102.039,2.42],[102.034,2.425],[102.033,2.428],[102.035,2.434],[102.03,2.439],[102.027,2.428],[102.012,2.409],[101.995,2.4],[101.983,2.395],[101.977,2.39],[101.974,2.391],[101.971,2.398],[101.957,2.403],[101.944,2.409],[101.939,2.419],[101.935,2.422],[101.929,2.424],[101.919,2.423],[101.918,2.421],[101.912,2.423],[101.907,2.422],[101.903,2.42],[101.903,2.418],[101.896,2.415],[101.88,2.419],[101.876,2.417],[101.867,2.418],[101.86,2.414],[101.857,2.415],[101.858,2.429],[101.854,2.445],[101.855,2.452],[101.851,2.461],[101.85,2.462],[101.848,2.462],[101.847,2.464],[101.848,2.47],[101.852,2.472],[101.85,2.475],[101.846,2.475],[101.846,2.482],[101.839,2.492],[101.836,2.502],[101.829,2.507],[101.824,2.516],[101.814,2.523],[101.798,2.52],[101.796,2.522],[101.797,2.515],[101.793,2.515],[101.793,2.522],[101.792,2.521],[101.79,2.521],[101.789,2.528],[101.791,2.533],[101.793,2.535],[101.785,2.546],[101.787,2.548],[101.793,2.546],[101.798,2.545],[101.794,2.554],[101.8,2.562],[101.795,2.575],[101.791,2.578],[101.791,2.581],[101.787,2.577],[101.785,2.577],[101.782,2.587],[101.774,2.594],[101.755,2.603],[101.742,2.603],[101.724,2.596],[101.709,2.597],[101.71,2.602],[101.702,2.607],[101.701,2.61],[101.707,2.617],[101.719,2.624],[101.722,2.624],[101.726,2.62],[101.728,2.621],[101.729,2.629],[101.723,2.639],[101.724,2.643],[101.729,2.649],[101.745,2.658],[101.743,2.669],[101.739,2.672],[101.739,2.677],[101.745,2.684],[101.751,2.686],[101.75,2.689],[101.753,2.701],[101.758,2.702],[101.761,2.707],[101.75,2.873],[101.882,2.87],[101.923,2.968],[101.924,2.976],[101.929,2.983],[101.93,2.991],[101.932,3.001],[101.94,3.001],[101.943,3.008],[101.94,3.015],[101.941,3.019],[101.947,3.02],[101.957,3.029],[101.962,3.027],[101.965,3.029],[101.969,3.028],[101.971,3.033],[101.968,3.049],[101.965,3.053],[101.968,3.06],[101.961,3.064],[101.963,3.08],[101.959,3.083],[101.955,3.099],[101.95,3.108],[101.949,3.115],[101.957,3.118],[101.962,3.127],[101.962,3.137],[101.965,3.144],[101.957,3.151],[101.957,3.158],[101.947,3.171],[101.944,3.185],[101.94,3.19],[101.947,3.199],[101.945,3.21],[101.949,3.212],[101.946,3.227],[101.938,3.241],[101.929,3.249],[101.932,3.255],[101.931,3.257],[101.927,3.258],[101.923,3.264],[101.917,3.263],[101.923,3.269],[101.927,3.27],[101.933,3.275],[101.937,3.289],[101.94,3.29],[101.948,3.285],[101.957,3.273],[101.965,3.276],[101.973,3.274],[101.974,3.263],[101.978,3.254],[101.977,3.25],[101.975,3.246],[101.985,3.238],[101.993,3.238],[102.001,3.231],[102.009,3.227],[102.013,3.227],[102.019,3.231],[102.023,3.23],[102.028,3.232],[102.032,3.228],[102.039,3.229],[102.044,3.226],[102.051,3.212],[102.052,3.203],[102.055,3.198],[102.051,3.191],[102.052,3.186],[102.056,3.18],[102.055,3.173],[102.057,3.169],[102.059,3.168],[102.069,3.172],[102.075,3.167],[102.075,3.176],[102.078,3.181],[102.081,3.183],[102.084,3.183],[102.097,3.193],[102.107,3.193],[102.113,3.189],[102.115,3.191],[102.115,3.199],[102.122,3.2],[102.128,3.194],[102.142,3.198],[102.151,3.19],[102.151,3.186],[102.155,3.184],[102.159,3.179],[102.293,3.137],[102.389,3.118],[102.466,3.019],[102.666,2.885],[102.674,2.894],[102.675,2.898],[102.68,2.896],[102.681,2.892],[102.685,2.889],[102.684,2.886],[102.688,2.884],[102.687,2.879],[102.69,2.881],[102.69,2.878],[102.692,2.877],[102.693,2.86],[102.694,2.858],[102.694,2.854],[102.696,2.852],[102.694,2.848],[102.695,2.845],[102.692,2.843],[102.697,2.835],[102.695,2.832],[102.7,2.832],[102.625,2.629]]]]}},{"type":"Feature","properties":{"id":"wp","name":"W.P. Kuala Lumpur"},"geometry":{"type":"MultiPolygon","coordinates":[[[[101.667,3.244],[101.673,3.236],[101.672,3.231],[101.697,3.231],[101.697,3.226],[101.702,3.227],[101.703,3.22],[101.709,3.218],[101.71,3.219],[101.715,3.216],[101.718,3.218],[101.715,3.218],[101.716,3.221],[101.719,3.221],[101.719,3.224],[101.724,3.23],[101.724,3.232],[101.725,3.231],[101.73,3.236],[101.732,3.235],[101.739,3.235],[101.74,3.237],[101.744,3.231],[101.74,3.226],[101.738,3.219],[101.742,3.217],[101.746,3.212],[101.747,3.206],[101.75,3.206],[101.751,3.203],[101.754,3.204],[101.757,3.2],[101.759,3.191],[101.758,3.188],[101.755,3.188],[101.757,3.187],[101.755,3.183],[101.749,3.179],[101.733,3.181],[101.734,3.18],[101.732,3.176],[101.735,3.175],[101.735,3.168],[101.739,3.168],[101.739,3.166],[101.751,3.164],[101.748,3.162],[101.75,3.161],[101.747,3.156],[101.746,3.153],[101.74,3.154],[101.741,3.151],[101.739,3.147],[101.74,3.146],[101.735,3.14],[101.741,3.127],[101.739,3.122],[101.737,3.12],[101.738,3.116],[101.741,3.113],[101.744,3.113],[101.744,3.114],[101.747,3.114],[101.747,3.113],[101.752,3.11],[101.754,3.107],[101.75,3.104],[101.752,3.1],[101.751,3.095],[101.745,3.089],[101.746,3.085],[101.745,3.084],[101.748,3.079],[101.748,3.057],[101.731,3.057],[101.731,3.039],[101.729,3.041],[101.723,3.037],[101.723,3.04],[101.724,3.04],[101.725,3.042],[101.722,3.044],[101.72,3.051],[101.717,3.05],[101.717,3.053],[101.716,3.053],[101.715,3.057],[101.714,3.058],[101.712,3.058],[101.709,3.051],[101.707,3.051],[101.707,3.053],[101.703,3.053],[101.7,3.052],[101.699,3.049],[101.693,3.049],[101.692,3.047],[101.687,3.049],[101.679,3.045],[101.672,3.046],[101.67,3.045],[101.67,3.05],[101.653,3.05],[101.655,3.054],[101.661,3.053],[101.661,3.062],[101.655,3.061],[101.653,3.062],[101.65,3.06],[101.649,3.062],[101.651,3.063],[101.65,3.066],[101.648,3.065],[101.653,3.07],[101.652,3.073],[101.647,3.075],[101.66,3.083],[101.659,3.088],[101.663,3.089],[101.662,3.094],[101.659,3.096],[101.659,3.113],[101.658,3.114],[101.659,3.117],[101.652,3.113],[101.649,3.121],[101.643,3.122],[101.647,3.128],[101.647,3.13],[101.635,3.135],[101.629,3.133],[101.628,3.14],[101.618,3.148],[101.613,3.155],[101.617,3.18],[101.618,3.198],[101.618,3.2],[101.624,3.202],[101.629,3.211],[101.634,3.216],[101.634,3.22],[101.636,3.219],[101.638,3.223],[101.639,3.226],[101.636,3.231],[101.64,3.235],[101.646,3.235],[101.647,3.238],[101.65,3.237],[101.653,3.238],[101.654,3.24],[101.657,3.24],[101.658,3.244],[101.66,3.244],[101.661,3.246],[101.664,3.247],[101.667,3.244]]]]}},{"type":"Feature","properties":{"id":"wp","name":"W.P. Labuan"},"geometry":{"type":"MultiPolygon","coordinates":[[[[115.142,5.186],[115.141,5.186],[115.139,5.186],[115.141,5.189],[115.143,5.186],[115.142,5.186]]],[[[115.147,5.2],[115.146,5.201],[115.145,5.203],[115.147,5.202],[115.147,5.2]]],[[[115.135,5.229],[115.138,5.226],[115.139,5.221],[115.142,5.219],[115.131,5.217],[115.125,5.228],[115.121,5.229],[115.123,5.234],[115.124,5.23],[115.126,5.23],[115.13,5.228],[115.135,5.229]]],[[[115.191,5.237],[115.189,5.237],[115.192,5.238],[115.191,5.237],[115.191,5.237]]],[[[115.272,5.253],[115.27,5.253],[115.268,5.252],[115.27,5.255],[115.274,5.255],[115.272,5.253]]],[[[115.319,5.281],[115.323,5.278],[115.33,5.278],[115.328,5.276],[115.326,5.268],[115.327,5.263],[115.318,5.267],[115.307,5.268],[115.307,5.271],[115.313,5.281],[115.319,5.281]]],[[[115.158,5.254],[115.157,5.256],[115.162,5.264],[115.167,5.268],[115.168,5.274],[115.172,5.281],[115.172,5.293],[115.175,5.303],[115.186,5.319],[115.187,5.325],[115.19,5.33],[115.195,5.335],[115.2,5.346],[115.198,5.347],[115.206,5.352],[115.209,5.358],[115.229,5.378],[115.231,5.384],[115.237,5.388],[115.242,5.387],[115.252,5.393],[115.252,5.389],[115.257,5.384],[115.256,5.381],[115.251,5.381],[115.247,5.376],[115.247,5.37],[115.244,5.368],[115.244,5.364],[115.244,5.351],[115.25,5.335],[115.251,5.319],[115.261,5.305],[115.264,5.295],[115.269,5.289],[115.263,5.283],[115.259,5.276],[115.253,5.272],[115.25,5.273],[115.248,5.272],[115.246,5.274],[115.245,5.272],[115.238,5.281],[115.24,5.285],[115.236,5.287],[115.235,5.286],[115.237,5.282],[115.235,5.279],[115.237,5.275],[115.237,5.273],[115.239,5.269],[115.237,5.268],[115.239,5.26],[115.246,5.257],[115.246,5.253],[115.241,5.242],[115.236,5.249],[115.23,5.25],[115.227,5.254],[115.229,5.256],[115.224,5.26],[115.225,5.262],[115.221,5.274],[115.219,5.276],[115.216,5.276],[115.213,5.28],[115.211,5.278],[115.209,5.28],[115.201,5.277],[115.196,5.278],[115.195,5.274],[115.192,5.274],[115.19,5.268],[115.182,5.261],[115.179,5.262],[115.174,5.259],[115.174,5.256],[115.168,5.25],[115.164,5.248],[115.158,5.251],[115.158,5.254]]]]}},{"type":"Feature","properties":{"id":"perlis","name":"Perlis"},"geometry":{"type":"MultiPolygon","coordinates":[[[[100.21,6.721],[100.215,6.719],[100.221,6.702],[100.23,6.695],[100.234,6.694],[100.244,6.699],[100.251,6.697],[100.254,6.7],[100.252,6.708],[100.259,6.711],[100.26,6.71],[100.265,6.7],[100.27,6.702],[100.276,6.708],[100.29,6.71],[100.293,6.709],[100.295,6.704],[100.293,6.701],[100.291,6.691],[100.294,6.682],[100.297,6.679],[100.302,6.68],[100.304,6.672],[100.307,6.668],[100.317,6.667],[100.319,6.665],[100.326,6.667],[100.327,6.664],[100.324,6.657],[100.32,6.655],[100.323,6.65],[100.322,6.644],[100.318,6.638],[100.322,6.633],[100.322,6.627],[100.324,6.625],[100.325,6.621],[100.319,6.614],[100.306,6.611],[100.304,6.608],[100.31,6.603],[100.317,6.6],[100.319,6.595],[100.327,6.585],[100.334,6.584],[100.34,6.58],[100.346,6.571],[100.352,6.571],[100.355,6.559],[100.359,6.555],[100.362,6.546],[100.367,6.542],[100.371,6.531],[100.364,6.454],[100.312,6.41],[100.31,6.411],[100.307,6.409],[100.306,6.405],[100.298,6.398],[100.281,6.372],[100.255,6.348],[100.251,6.337],[100.242,6.331],[100.239,6.327],[100.229,6.319],[100.222,6.311],[100.216,6.3],[100.205,6.292],[100.204,6.286],[100.202,6.284],[100.204,6.279],[100.203,6.27],[100.198,6.263],[100.199,6.257],[100.18,6.271],[100.168,6.292],[100.158,6.317],[100.14,6.373],[100.124,6.406],[100.12,6.422],[100.133,6.431],[100.134,6.439],[100.138,6.446],[100.148,6.451],[100.145,6.459],[100.147,6.47],[100.151,6.471],[100.153,6.476],[100.158,6.478],[100.155,6.483],[100.16,6.486],[100.161,6.491],[100.158,6.5],[100.159,6.51],[100.156,6.518],[100.158,6.523],[100.158,6.534],[100.154,6.551],[100.156,6.557],[100.16,6.562],[100.159,6.571],[100.156,6.573],[100.157,6.576],[100.158,6.578],[100.163,6.576],[100.168,6.578],[100.177,6.568],[100.182,6.572],[100.184,6.576],[100.179,6.591],[100.181,6.601],[100.179,6.604],[100.174,6.604],[100.171,6.606],[100.167,6.623],[100.169,6.639],[100.168,6.647],[100.177,6.652],[100.18,6.658],[100.179,6.665],[100.18,6.68],[100.173,6.687],[100.172,6.693],[100.178,6.697],[100.188,6.717],[100.198,6.721],[100.203,6.726],[100.21,6.721]]]]}},{"type":"Feature","properties":{"id":"johor","name":"Johor"},"geometry":{"type":"MultiPolygon","coordinates":[[[[103.416,1.319],[103.415,1.333],[103.416,1.337],[103.418,1.338],[103.422,1.337],[103.436,1.328],[103.438,1.323],[103.438,1.318],[103.436,1.313],[103.425,1.304],[103.42,1.304],[103.418,1.305],[103.416,1.312],[103.416,1.319]]],[[[103.776,1.46],[103.77,1.456],[103.768,1.457],[103.768,1.456],[103.766,1.457],[103.767,1.452],[103.758,1.45],[103.726,1.46],[103.712,1.457],[103.702,1.451],[103.697,1.443],[103.692,1.44],[103.682,1.437],[103.672,1.428],[103.668,1.415],[103.662,1.41],[103.655,1.4],[103.651,1.387],[103.633,1.349],[103.616,1.321],[103.608,1.288],[103.555,1.34],[103.546,1.331],[103.523,1.315],[103.516,1.307],[103.512,1.297],[103.51,1.287],[103.516,1.263],[103.514,1.262],[103.508,1.264],[103.493,1.277],[103.482,1.295],[103.472,1.304],[103.464,1.311],[103.457,1.315],[103.45,1.317],[103.441,1.324],[103.442,1.332],[103.432,1.351],[103.432,1.362],[103.429,1.368],[103.418,1.391],[103.405,1.443],[103.397,1.458],[103.395,1.47],[103.38,1.505],[103.362,1.537],[103.346,1.552],[103.325,1.565],[103.323,1.567],[103.324,1.57],[103.323,1.569],[103.314,1.571],[103.309,1.575],[103.295,1.581],[103.292,1.584],[103.293,1.587],[103.289,1.585],[103.281,1.589],[103.272,1.599],[103.269,1.596],[103.265,1.596],[103.257,1.599],[103.254,1.598],[103.251,1.6],[103.241,1.599],[103.24,1.601],[103.234,1.6],[103.233,1.602],[103.206,1.614],[103.199,1.618],[103.198,1.621],[103.195,1.621],[103.171,1.632],[103.141,1.65],[103.139,1.653],[103.127,1.659],[103.117,1.669],[103.111,1.672],[103.108,1.676],[103.071,1.704],[103.052,1.715],[103.008,1.734],[102.98,1.743],[102.963,1.744],[102.957,1.745],[102.948,1.745],[102.939,1.739],[102.913,1.763],[102.894,1.784],[102.89,1.782],[102.884,1.785],[102.884,1.79],[102.89,1.795],[102.895,1.801],[102.896,1.809],[102.894,1.82],[102.885,1.816],[102.881,1.817],[102.846,1.844],[102.835,1.849],[102.832,1.852],[102.799,1.864],[102.793,1.863],[102.771,1.866],[102.77,1.87],[102.768,1.867],[102.735,1.867],[102.728,1.864],[102.722,1.859],[102.72,1.857],[102.713,1.853],[102.702,1.86],[102.693,1.863],[102.685,1.868],[102.679,1.876],[102.644,1.935],[102.631,1.953],[102.601,1.983],[102.59,1.989],[102.569,2.011],[102.549,2.028],[102.545,2.035],[102.547,2.045],[102.554,2.049],[102.564,2.048],[102.562,2.05],[102.551,2.059],[102.539,2.061],[102.521,2.079],[102.489,2.099],[102.491,2.106],[102.495,2.104],[102.495,2.106],[102.493,2.113],[102.49,2.113],[102.487,2.111],[102.486,2.113],[102.487,2.116],[102.492,2.116],[102.492,2.12],[102.494,2.119],[102.495,2.12],[102.497,2.119],[102.504,2.119],[102.502,2.125],[102.507,2.127],[102.508,2.121],[102.516,2.121],[102.516,2.114],[102.518,2.113],[102.523,2.119],[102.527,2.119],[102.527,2.12],[102.528,2.121],[102.531,2.118],[102.531,2.123],[102.534,2.124],[102.534,2.131],[102.539,2.136],[102.538,2.138],[102.54,2.14],[102.536,2.142],[102.537,2.146],[102.533,2.152],[102.535,2.158],[102.532,2.159],[102.53,2.168],[102.527,2.165],[102.525,2.166],[102.518,2.163],[102.516,2.168],[102.512,2.166],[102.506,2.167],[102.503,2.173],[102.5,2.175],[102.495,2.173],[102.492,2.182],[102.487,2.178],[102.483,2.178],[102.482,2.181],[102.475,2.184],[102.478,2.186],[102.478,2.191],[102.474,2.197],[102.468,2.199],[102.468,2.201],[102.472,2.206],[102.476,2.206],[102.477,2.209],[102.481,2.209],[102.484,2.215],[102.493,2.219],[102.496,2.224],[102.497,2.237],[102.494,2.238],[102.49,2.245],[102.491,2.247],[102.494,2.247],[102.492,2.257],[102.503,2.294],[102.507,2.296],[102.508,2.304],[102.511,2.306],[102.508,2.308],[102.508,2.314],[102.511,2.316],[102.511,2.321],[102.514,2.322],[102.514,2.324],[102.516,2.326],[102.514,2.333],[102.509,2.339],[102.511,2.341],[102.51,2.343],[102.511,2.344],[102.511,2.349],[102.518,2.356],[102.521,2.356],[102.524,2.357],[102.525,2.363],[102.529,2.364],[102.53,2.367],[102.534,2.368],[102.534,2.372],[102.537,2.376],[102.534,2.38],[102.54,2.388],[102.554,2.393],[102.563,2.394],[102.592,2.405],[102.593,2.413],[102.592,2.416],[102.591,2.417],[102.589,2.424],[102.593,2.432],[102.592,2.436],[102.594,2.441],[102.595,2.451],[102.6,2.456],[102.603,2.456],[102.603,2.46],[102.615,2.465],[102.616,2.47],[102.614,2.473],[102.615,2.476],[102.613,2.482],[102.61,2.484],[102.61,2.487],[102.606,2.488],[102.604,2.498],[102.607,2.503],[102.606,2.505],[102.613,2.509],[102.616,2.514],[102.619,2.515],[102.619,2.517],[102.612,2.526],[102.611,2.531],[102.609,2.533],[102.608,2.541],[102.611,2.546],[102.609,2.549],[102.612,2.55],[102.613,2.552],[102.611,2.559],[102.608,2.56],[102.607,2.564],[102.613,2.568],[102.614,2.571],[102.616,2.574],[102.616,2.578],[102.623,2.581],[102.624,2.585],[102.628,2.587],[102.631,2.583],[102.633,2.593],[102.637,2.595],[102.636,2.598],[102.638,2.6],[102.638,2.606],[102.633,2.609],[102.629,2.609],[102.625,2.617],[102.626,2.622],[102.624,2.625],[102.7,2.832],[102.794,2.803],[102.924,2.646],[102.972,2.594],[103.077,2.553],[103.148,2.52],[103.289,2.578],[103.355,2.59],[103.418,2.552],[103.439,2.552],[103.453,2.547],[103.46,2.54],[103.472,2.527],[103.608,2.458],[103.609,2.471],[103.61,2.47],[103.614,2.463],[103.624,2.463],[103.629,2.468],[103.638,2.487],[103.63,2.491],[103.629,2.506],[103.625,2.511],[103.616,2.518],[103.618,2.526],[103.623,2.53],[103.623,2.533],[103.621,2.534],[103.613,2.53],[103.607,2.532],[103.603,2.532],[103.594,2.526],[103.592,2.527],[103.59,2.531],[103.59,2.536],[103.595,2.545],[103.592,2.547],[103.595,2.551],[103.607,2.562],[103.609,2.562],[103.611,2.56],[103.613,2.554],[103.615,2.554],[103.616,2.558],[103.614,2.564],[103.614,2.572],[103.61,2.575],[103.601,2.565],[103.598,2.567],[103.597,2.574],[103.601,2.581],[103.605,2.585],[103.61,2.586],[103.617,2.583],[103.621,2.584],[103.623,2.586],[103.621,2.59],[103.612,2.591],[103.61,2.594],[103.613,2.599],[103.625,2.603],[103.622,2.609],[103.612,2.617],[103.612,2.621],[103.621,2.626],[103.618,2.63],[103.611,2.633],[103.613,2.644],[103.611,2.651],[103.604,2.65],[103.6,2.646],[103.6,2.643],[103.604,2.636],[103.602,2.632],[103.597,2.631],[103.593,2.634],[103.587,2.65],[103.589,2.657],[103.593,2.66],[103.603,2.661],[103.61,2.658],[103.614,2.653],[103.618,2.652],[103.635,2.66],[103.651,2.657],[103.658,2.661],[103.658,2.665],[103.66,2.662],[103.671,2.654],[103.713,2.637],[103.718,2.632],[103.722,2.633],[103.732,2.631],[103.741,2.633],[103.746,2.637],[103.747,2.648],[103.754,2.65],[103.758,2.645],[103.762,2.644],[103.761,2.642],[103.762,2.639],[103.762,2.635],[103.765,2.633],[103.763,2.629],[103.759,2.629],[103.76,2.625],[103.755,2.624],[103.76,2.615],[103.765,2.612],[103.77,2.61],[103.771,2.606],[103.779,2.613],[103.778,2.607],[103.783,2.599],[103.782,2.595],[103.786,2.592],[103.786,2.59],[103.792,2.589],[103.802,2.583],[103.804,2.586],[103.807,2.587],[103.807,2.591],[103.814,2.588],[103.814,2.584],[103.812,2.584],[103.811,2.581],[103.809,2.582],[103.806,2.579],[103.806,2.574],[103.809,2.573],[103.809,2.568],[103.812,2.566],[103.812,2.561],[103.82,2.552],[103.822,2.539],[103.824,2.535],[103.828,2.533],[103.829,2.527],[103.838,2.515],[103.842,2.513],[103.846,2.508],[103.845,2.505],[103.841,2.503],[103.837,2.506],[103.831,2.505],[103.828,2.501],[103.821,2.497],[103.818,2.493],[103.821,2.482],[103.829,2.473],[103.829,2.465],[103.837,2.444],[103.846,2.431],[103.85,2.43],[103.852,2.432],[103.854,2.43],[103.869,2.398],[103.882,2.384],[103.88,2.384],[103.882,2.382],[103.885,2.383],[103.887,2.381],[103.911,2.349],[103.918,2.346],[103.922,2.342],[103.932,2.339],[103.936,2.343],[103.939,2.335],[103.948,2.323],[103.95,2.324],[103.954,2.318],[103.956,2.318],[103.96,2.314],[103.96,2.309],[103.956,2.311],[103.952,2.307],[103.95,2.3],[103.952,2.294],[103.971,2.265],[103.981,2.257],[103.981,2.251],[103.98,2.248],[103.977,2.251],[103.965,2.251],[103.965,2.249],[103.962,2.248],[103.959,2.244],[103.957,2.231],[103.96,2.222],[103.957,2.221],[103.956,2.218],[103.961,2.204],[103.992,2.164],[104.005,2.151],[104.006,2.153],[104.009,2.153],[104.007,2.148],[104.009,2.144],[104.02,2.126],[104.02,2.123],[104.032,2.097],[104.035,2.087],[104.037,2.086],[104.047,2.068],[104.053,2.063],[104.057,2.061],[104.058,2.053],[104.064,2.044],[104.066,2.038],[104.072,2.03],[104.076,2.028],[104.091,2.004],[104.098,1.996],[104.103,1.982],[104.114,1.97],[104.119,1.957],[104.12,1.952],[104.119,1.952],[104.119,1.948],[104.13,1.927],[104.131,1.921],[104.126,1.922],[104.122,1.927],[104.12,1.926],[104.118,1.922],[104.114,1.927],[104.11,1.925],[104.105,1.904],[104.107,1.884],[104.121,1.861],[104.135,1.847],[104.146,1.845],[104.149,1.841],[104.149,1.846],[104.151,1.847],[104.152,1.85],[104.15,1.856],[104.151,1.857],[104.156,1.854],[104.161,1.847],[104.159,1.844],[104.161,1.826],[104.164,1.823],[104.166,1.816],[104.171,1.806],[104.189,1.783],[104.199,1.758],[104.199,1.747],[104.202,1.738],[104.221,1.712],[104.216,1.706],[104.215,1.702],[104.217,1.692],[104.23,1.672],[104.248,1.65],[104.247,1.645],[104.246,1.643],[104.244,1.643],[104.244,1.64],[104.246,1.631],[104.254,1.619],[104.26,1.615],[104.261,1.612],[104.264,1.61],[104.258,1.603],[104.256,1.603],[104.254,1.594],[104.257,1.584],[104.263,1.582],[104.258,1.577],[104.255,1.562],[104.264,1.545],[104.278,1.533],[104.282,1.525],[104.284,1.509],[104.283,1.505],[104.28,1.507],[104.274,1.501],[104.273,1.49],[104.276,1.479],[104.284,1.462],[104.297,1.445],[104.295,1.442],[104.297,1.433],[104.296,1.432],[104.292,1.434],[104.287,1.438],[104.279,1.431],[104.276,1.425],[104.276,1.408],[104.282,1.383],[104.285,1.381],[104.284,1.369],[104.281,1.369],[104.273,1.362],[104.27,1.363],[104.266,1.36],[104.262,1.359],[104.25,1.359],[104.25,1.369],[104.243,1.368],[104.235,1.36],[104.231,1.354],[104.226,1.35],[104.225,1.348],[104.226,1.346],[104.222,1.346],[104.221,1.348],[104.219,1.348],[104.22,1.349],[104.215,1.349],[104.205,1.338],[104.2,1.336],[104.197,1.34],[104.197,1.343],[104.193,1.345],[104.189,1.344],[104.189,1.345],[104.188,1.338],[104.161,1.341],[104.157,1.346],[104.147,1.344],[104.14,1.34],[104.135,1.342],[104.135,1.346],[104.131,1.35],[104.13,1.354],[104.11,1.361],[104.11,1.363],[104.094,1.368],[104.088,1.368],[104.087,1.37],[104.095,1.38],[104.098,1.38],[104.107,1.389],[104.114,1.39],[104.113,1.391],[104.114,1.396],[104.108,1.403],[104.106,1.401],[104.088,1.428],[104.083,1.433],[104.075,1.426],[104.061,1.436],[104.049,1.441],[104.029,1.442],[104.022,1.439],[104.001,1.42],[103.991,1.425],[103.965,1.422],[103.942,1.427],[103.936,1.43],[103.915,1.426],[103.896,1.428],[103.884,1.435],[103.865,1.459],[103.837,1.471],[103.811,1.478],[103.802,1.476],[103.79,1.466],[103.785,1.47],[103.776,1.463],[103.775,1.463],[103.776,1.46]]],[[[104.061,2.235],[104.061,2.232],[104.063,2.227],[104.067,2.224],[104.07,2.223],[104.069,2.221],[104.072,2.217],[104.075,2.217],[104.077,2.212],[104.082,2.207],[104.082,2.203],[104.085,2.201],[104.085,2.199],[104.081,2.202],[104.074,2.204],[104.067,2.201],[104.07,2.209],[104.07,2.213],[104.068,2.219],[104.059,2.223],[104.057,2.221],[104.056,2.225],[104.051,2.227],[104.046,2.233],[104.056,2.234],[104.057,2.238],[104.061,2.235]]],[[[103.979,2.457],[103.978,2.455],[103.984,2.451],[103.987,2.444],[103.991,2.441],[103.991,2.438],[103.997,2.429],[103.993,2.424],[103.985,2.428],[103.982,2.428],[103.977,2.434],[103.975,2.445],[103.975,2.454],[103.972,2.457],[103.977,2.459],[103.979,2.458],[103.979,2.457]]],[[[103.964,2.478],[103.966,2.475],[103.962,2.473],[103.958,2.478],[103.961,2.481],[103.964,2.48],[103.964,2.478]]],[[[103.843,2.481],[103.837,2.481],[103.835,2.483],[103.838,2.489],[103.842,2.489],[103.85,2.481],[103.849,2.479],[103.843,2.481]]],[[[103.878,2.659],[103.879,2.659],[103.879,2.658],[103.877,2.658],[103.878,2.659]]],[[[104.107,2.175],[104.107,2.177],[104.109,2.175],[104.108,2.174],[104.107,2.175]]],[[[104.105,2.185],[104.106,2.184],[104.106,2.183],[104.105,2.183],[104.105,2.185]]],[[[104.094,2.187],[104.091,2.19],[104.094,2.191],[104.095,2.195],[104.098,2.192],[104.094,2.187]]],[[[104.089,2.193],[104.089,2.192],[104.088,2.192],[104.089,2.193],[104.089,2.193]]],[[[104.239,2.123],[104.241,2.123],[104.239,2.121],[104.238,2.122],[104.239,2.123]]],[[[104.172,2.193],[104.173,2.192],[104.172,2.192],[104.172,2.193],[104.172,2.193]]],[[[104.171,2.198],[104.173,2.198],[104.171,2.197],[104.171,2.197],[104.171,2.198]]],[[[104.153,2.263],[104.153,2.263],[104.153,2.264],[104.153,2.264],[104.153,2.263]]],[[[104.149,2.222],[104.147,2.221],[104.145,2.225],[104.149,2.223],[104.149,2.222]]],[[[104.143,2.227],[104.144,2.228],[104.145,2.228],[104.144,2.226],[104.143,2.227]]],[[[104.126,2.268],[104.125,2.269],[104.127,2.27],[104.13,2.269],[104.126,2.268]]],[[[104.122,2.271],[104.124,2.272],[104.124,2.27],[104.124,2.27],[104.122,2.271]]],[[[104.125,2.279],[104.126,2.278],[104.126,2.277],[104.125,2.278],[104.125,2.279]]],[[[104.116,2.316],[104.127,2.313],[104.134,2.309],[104.137,2.309],[104.138,2.305],[104.143,2.299],[104.145,2.29],[104.145,2.288],[104.137,2.289],[104.136,2.282],[104.13,2.28],[104.116,2.284],[104.111,2.287],[104.113,2.289],[104.108,2.29],[104.105,2.293],[104.1,2.295],[104.097,2.299],[104.096,2.31],[104.093,2.312],[104.094,2.316],[104.099,2.316],[104.1,2.313],[104.102,2.315],[104.105,2.312],[104.11,2.316],[104.116,2.316]]],[[[104.146,2.304],[104.146,2.303],[104.145,2.303],[104.144,2.304],[104.146,2.304]]],[[[104.152,2.305],[104.152,2.302],[104.148,2.304],[104.149,2.306],[104.152,2.305]]],[[[104.15,2.264],[104.149,2.264],[104.148,2.265],[104.151,2.266],[104.152,2.264],[104.15,2.264]]],[[[104.546,2.437],[104.546,2.441],[104.548,2.441],[104.548,2.435],[104.547,2.435],[104.546,2.437]]],[[[104.526,2.462],[104.538,2.456],[104.538,2.451],[104.537,2.443],[104.538,2.439],[104.533,2.433],[104.527,2.429],[104.518,2.428],[104.515,2.438],[104.51,2.444],[104.504,2.446],[104.502,2.443],[104.5,2.444],[104.501,2.446],[104.499,2.449],[104.5,2.453],[104.5,2.457],[104.497,2.459],[104.497,2.463],[104.506,2.471],[104.509,2.472],[104.509,2.475],[104.517,2.471],[104.522,2.465],[104.523,2.461],[104.526,2.462]]],[[[104.485,2.461],[104.488,2.464],[104.489,2.463],[104.486,2.46],[104.485,2.461]]],[[[104.504,2.48],[104.508,2.481],[104.51,2.481],[104.51,2.479],[104.5,2.474],[104.493,2.473],[104.49,2.474],[104.498,2.483],[104.5,2.483],[104.501,2.479],[104.504,2.48]]],[[[104.326,2.594],[104.33,2.595],[104.336,2.591],[104.333,2.588],[104.334,2.583],[104.335,2.58],[104.341,2.58],[104.344,2.577],[104.346,2.57],[104.341,2.563],[104.334,2.562],[104.33,2.564],[104.325,2.57],[104.319,2.572],[104.318,2.578],[104.316,2.582],[104.313,2.583],[104.31,2.593],[104.319,2.598],[104.326,2.596],[104.326,2.594]]],[[[103.956,2.493],[103.957,2.489],[103.955,2.488],[103.951,2.491],[103.949,2.495],[103.953,2.496],[103.956,2.493]]],[[[103.98,2.519],[103.979,2.517],[103.976,2.52],[103.976,2.524],[103.979,2.522],[103.98,2.519]]],[[[103.973,2.53],[103.974,2.53],[103.974,2.529],[103.973,2.529],[103.973,2.53]]],[[[103.971,2.536],[103.972,2.538],[103.973,2.535],[103.972,2.534],[103.971,2.536]]],[[[103.959,2.555],[103.959,2.558],[103.961,2.554],[103.959,2.554],[103.959,2.555]]],[[[103.947,2.564],[103.946,2.562],[103.941,2.563],[103.942,2.565],[103.945,2.566],[103.946,2.564],[103.947,2.564]]],[[[103.886,2.649],[103.887,2.649],[103.887,2.648],[103.886,2.648],[103.886,2.649]]],[[[103.881,2.655],[103.882,2.656],[103.883,2.655],[103.881,2.655],[103.881,2.655]]]]}},{"type":"Feature","properties":{"id":"melaka","name":"Melaka"},"geometry":{"type":"MultiPolygon","coordinates":[[[[102.332,2.048],[102.333,2.049],[102.335,2.049],[102.334,2.048],[102.332,2.048]]],[[[102.335,2.049],[102.335,2.05],[102.336,2.05],[102.335,2.049],[102.335,2.049]]],[[[102.335,2.072],[102.332,2.073],[102.332,2.075],[102.335,2.074],[102.335,2.072]]],[[[102.331,2.081],[102.332,2.084],[102.333,2.084],[102.333,2.081],[102.331,2.081]]],[[[102.305,2.079],[102.304,2.079],[102.306,2.079],[102.306,2.079],[102.305,2.079]]],[[[102.32,2.111],[102.319,2.112],[102.32,2.112],[102.32,2.112],[102.32,2.111]]],[[[102.315,2.12],[102.314,2.121],[102.314,2.122],[102.316,2.121],[102.315,2.12]]],[[[102.319,2.151],[102.319,2.151],[102.318,2.151],[102.318,2.152],[102.319,2.151]]],[[[102.329,2.115],[102.335,2.115],[102.334,2.111],[102.33,2.108],[102.328,2.106],[102.328,2.103],[102.326,2.103],[102.325,2.104],[102.326,2.109],[102.32,2.112],[102.32,2.114],[102.322,2.114],[102.325,2.117],[102.329,2.115]]],[[[102.34,2.116],[102.34,2.117],[102.341,2.117],[102.34,2.116],[102.34,2.116]]],[[[102.431,2.454],[102.508,2.434],[102.557,2.416],[102.585,2.412],[102.592,2.405],[102.563,2.394],[102.554,2.393],[102.54,2.388],[102.534,2.38],[102.537,2.376],[102.534,2.372],[102.534,2.368],[102.53,2.367],[102.529,2.364],[102.525,2.363],[102.524,2.357],[102.521,2.356],[102.518,2.356],[102.511,2.349],[102.511,2.344],[102.51,2.343],[102.511,2.341],[102.509,2.339],[102.514,2.333],[102.516,2.326],[102.514,2.324],[102.514,2.322],[102.511,2.321],[102.511,2.316],[102.508,2.314],[102.508,2.308],[102.511,2.306],[102.508,2.304],[102.507,2.296],[102.503,2.294],[102.492,2.257],[102.494,2.247],[102.491,2.247],[102.49,2.245],[102.494,2.238],[102.497,2.237],[102.496,2.224],[102.493,2.219],[102.484,2.215],[102.481,2.209],[102.477,2.209],[102.476,2.206],[102.472,2.206],[102.468,2.2],[102.475,2.196],[102.479,2.188],[102.475,2.184],[102.482,2.181],[102.483,2.178],[102.487,2.178],[102.492,2.182],[102.495,2.173],[102.5,2.175],[102.503,2.173],[102.506,2.167],[102.512,2.166],[102.516,2.168],[102.518,2.163],[102.525,2.166],[102.527,2.165],[102.53,2.168],[102.532,2.159],[102.535,2.158],[102.533,2.152],[102.537,2.146],[102.536,2.142],[102.54,2.14],[102.538,2.138],[102.539,2.136],[102.534,2.131],[102.534,2.124],[102.531,2.123],[102.531,2.118],[102.528,2.121],[102.527,2.12],[102.527,2.119],[102.523,2.119],[102.518,2.113],[102.516,2.114],[102.516,2.121],[102.508,2.121],[102.507,2.127],[102.502,2.125],[102.504,2.119],[102.497,2.119],[102.495,2.12],[102.494,2.119],[102.492,2.12],[102.492,2.116],[102.487,2.116],[102.486,2.113],[102.487,2.111],[102.49,2.113],[102.493,2.113],[102.495,2.106],[102.495,2.104],[102.491,2.106],[102.489,2.099],[102.483,2.104],[102.478,2.106],[102.43,2.119],[102.408,2.131],[102.394,2.133],[102.38,2.132],[102.371,2.134],[102.354,2.142],[102.345,2.151],[102.336,2.155],[102.329,2.158],[102.319,2.156],[102.316,2.158],[102.315,2.163],[102.305,2.169],[102.29,2.17],[102.28,2.176],[102.282,2.177],[102.25,2.186],[102.249,2.184],[102.243,2.188],[102.245,2.19],[102.243,2.188],[102.236,2.193],[102.233,2.197],[102.232,2.203],[102.221,2.204],[102.21,2.212],[102.196,2.218],[102.175,2.221],[102.167,2.22],[102.164,2.217],[102.164,2.215],[102.16,2.214],[102.157,2.216],[102.153,2.22],[102.14,2.245],[102.122,2.266],[102.111,2.272],[102.105,2.273],[102.103,2.27],[102.101,2.271],[102.089,2.288],[102.078,2.297],[102.071,2.32],[102.058,2.339],[102.051,2.344],[102.045,2.344],[102.039,2.348],[102.024,2.359],[102.011,2.365],[102,2.367],[101.997,2.364],[101.978,2.37],[101.977,2.369],[101.972,2.374],[101.969,2.384],[101.969,2.386],[101.974,2.391],[101.977,2.39],[101.983,2.395],[101.995,2.4],[102.012,2.409],[102.027,2.428],[102.03,2.439],[102.035,2.434],[102.033,2.428],[102.034,2.425],[102.039,2.42],[102.048,2.42],[102.049,2.423],[102.047,2.427],[102.05,2.434],[102.058,2.434],[102.063,2.441],[102.063,2.442],[102.059,2.442],[102.058,2.444],[102.06,2.447],[102.06,2.453],[102.063,2.456],[102.068,2.457],[102.075,2.453],[102.079,2.454],[102.083,2.451],[102.086,2.446],[102.119,2.461],[102.139,2.456],[102.174,2.498],[102.188,2.491],[102.193,2.485],[102.2,2.483],[102.201,2.48],[102.206,2.48],[102.229,2.465],[102.274,2.457],[102.319,2.479],[102.362,2.488],[102.415,2.471],[102.429,2.464],[102.429,2.456],[102.431,2.456],[102.431,2.454]]],[[[101.861,2.413],[101.861,2.408],[101.858,2.406],[101.86,2.401],[101.856,2.402],[101.854,2.4],[101.848,2.411],[101.85,2.411],[101.852,2.414],[101.855,2.414],[101.856,2.416],[101.861,2.413]]]]}},{"type":"Feature","properties":{"id":"terengganu","name":"Terengganu"},"geometry":{"type":"MultiPolygon","coordinates":[[[[103.465,4.57],[103.468,4.564],[103.469,4.555],[103.472,4.547],[103.475,4.525],[103.468,4.516],[103.457,4.517],[103.452,4.51],[103.447,4.507],[103.449,4.506],[103.445,4.492],[103.444,4.472],[103.447,4.46],[103.455,4.436],[103.456,4.418],[103.455,4.393],[103.473,4.355],[103.491,4.328],[103.49,4.31],[103.487,4.306],[103.485,4.295],[103.481,4.291],[103.475,4.288],[103.476,4.276],[103.473,4.274],[103.473,4.269],[103.47,4.264],[103.471,4.258],[103.467,4.26],[103.46,4.257],[103.459,4.252],[103.458,4.239],[103.452,4.237],[103.444,4.239],[103.442,4.235],[103.437,4.212],[103.439,4.201],[103.441,4.193],[103.444,4.188],[103.445,4.181],[103.443,4.187],[103.44,4.188],[103.4,4.179],[103.345,4.179],[103.334,4.192],[103.326,4.191],[103.321,4.197],[103.319,4.195],[103.32,4.192],[103.318,4.188],[103.321,4.184],[103.321,4.172],[103.324,4.165],[103.328,4.163],[103.325,4.158],[103.328,4.152],[103.328,4.145],[103.325,4.144],[103.324,4.127],[103.31,4.12],[103.307,4.117],[103.308,4.11],[103.306,4.103],[103.307,4.095],[103.305,4.089],[103.302,4.089],[103.301,4.082],[103.305,4.075],[103.308,4.065],[103.313,4.063],[103.318,4.064],[103.326,4.05],[103.329,4.035],[103.325,4.012],[103.327,3.994],[103.33,3.989],[103.334,3.984],[103.333,3.979],[103.334,3.974],[103.336,3.97],[103.336,3.954],[103.335,3.947],[103.328,3.937],[103.329,3.931],[103.309,3.924],[103.306,3.921],[103.318,3.901],[103.32,3.894],[103.316,3.89],[103.316,3.885],[103.313,3.882],[103.303,3.893],[103.302,3.901],[103.28,3.94],[103.273,3.94],[103.273,3.944],[103.27,3.95],[103.267,3.95],[103.269,3.954],[103.271,3.956],[103.271,3.961],[103.276,3.964],[103.276,3.968],[103.272,3.977],[103.269,3.98],[103.258,3.988],[103.255,3.988],[103.252,3.992],[103.249,3.991],[103.248,3.994],[103.249,3.997],[103.245,4.002],[103.243,4.009],[103.245,4.018],[103.239,4.02],[103.236,4.017],[103.232,4.021],[103.226,4.022],[103.224,4.018],[103.218,4.012],[103.212,4.013],[103.209,4.015],[103.204,4.029],[103.205,4.038],[103.2,4.041],[103.196,4.041],[103.191,4.029],[103.186,4.032],[103.182,4.03],[103.179,4.031],[103.171,4.031],[103.165,4.034],[103.162,4.038],[103.161,4.042],[103.156,4.048],[103.15,4.048],[103.144,4.051],[103.141,4.056],[103.135,4.052],[103.132,4.066],[103.128,4.071],[103.124,4.072],[103.125,4.078],[103.123,4.082],[103.12,4.082],[103.12,4.084],[103.109,4.088],[103.103,4.093],[103.1,4.089],[103.087,4.097],[103.077,4.096],[103.074,4.098],[103.073,4.104],[103.075,4.108],[103.072,4.114],[103.068,4.114],[103.065,4.117],[103.058,4.118],[103.054,4.12],[103.052,4.118],[103.047,4.116],[103.045,4.118],[103.041,4.118],[103.029,4.122],[103.024,4.121],[103.02,4.119],[103.018,4.121],[103.014,4.12],[103.009,4.122],[103.005,4.129],[102.999,4.129],[102.995,4.131],[102.986,4.12],[102.983,4.124],[102.975,4.12],[102.97,4.121],[102.969,4.119],[102.966,4.119],[102.962,4.114],[102.944,4.107],[102.93,4.099],[102.919,4.102],[102.912,4.111],[102.908,4.113],[102.897,4.13],[102.893,4.133],[102.893,4.137],[102.903,4.147],[102.92,4.154],[102.922,4.158],[102.919,4.178],[102.922,4.183],[102.921,4.195],[102.914,4.208],[102.914,4.215],[102.92,4.221],[102.922,4.225],[102.922,4.233],[102.929,4.236],[102.935,4.245],[102.93,4.255],[102.93,4.266],[102.933,4.271],[102.931,4.279],[102.939,4.288],[102.942,4.288],[102.948,4.285],[102.955,4.29],[102.958,4.302],[102.96,4.319],[102.97,4.33],[102.983,4.337],[102.987,4.335],[102.993,4.335],[102.998,4.332],[103.002,4.332],[103.009,4.33],[103.018,4.335],[103.017,4.338],[103.011,4.341],[103.008,4.345],[103.01,4.354],[103.008,4.367],[103.009,4.374],[103.007,4.377],[103.011,4.386],[103.017,4.387],[103.02,4.393],[103.026,4.396],[103.028,4.406],[103.027,4.409],[103.019,4.408],[103.014,4.411],[103.011,4.42],[103.012,4.434],[103,4.451],[102.996,4.451],[102.989,4.455],[102.989,4.464],[102.984,4.467],[102.984,4.47],[102.979,4.471],[102.98,4.476],[102.973,4.481],[102.969,4.481],[102.969,4.478],[102.968,4.475],[102.963,4.471],[102.957,4.473],[102.954,4.469],[102.957,4.457],[102.956,4.456],[102.951,4.452],[102.944,4.451],[102.942,4.456],[102.937,4.459],[102.935,4.464],[102.93,4.468],[102.919,4.468],[102.915,4.464],[102.913,4.47],[102.9,4.467],[102.891,4.47],[102.88,4.464],[102.875,4.47],[102.876,4.483],[102.871,4.486],[102.865,4.487],[102.857,4.494],[102.852,4.493],[102.851,4.497],[102.849,4.496],[102.847,4.498],[102.846,4.503],[102.848,4.519],[102.841,4.53],[102.838,4.533],[102.84,4.553],[102.838,4.557],[102.84,4.559],[102.843,4.559],[102.852,4.563],[102.86,4.561],[102.865,4.562],[102.869,4.571],[102.868,4.576],[102.873,4.582],[102.87,4.589],[102.859,4.596],[102.859,4.601],[102.861,4.604],[102.878,4.605],[102.882,4.609],[102.877,4.618],[102.866,4.628],[102.871,4.637],[102.868,4.645],[102.861,4.652],[102.861,4.656],[102.856,4.658],[102.849,4.668],[102.841,4.671],[102.841,4.68],[102.83,4.68],[102.823,4.682],[102.806,4.677],[102.79,4.676],[102.777,4.67],[102.771,4.677],[102.767,4.673],[102.762,4.675],[102.746,4.684],[102.744,4.688],[102.734,4.684],[102.73,4.685],[102.722,4.693],[102.714,4.695],[102.709,4.705],[102.699,4.715],[102.691,4.713],[102.683,4.715],[102.675,4.731],[102.668,4.737],[102.662,4.746],[102.662,4.755],[102.657,4.759],[102.658,4.764],[102.664,4.771],[102.664,4.775],[102.667,4.778],[102.667,4.781],[102.661,4.786],[102.659,4.802],[102.652,4.811],[102.648,4.812],[102.646,4.815],[102.646,4.823],[102.654,4.839],[102.65,4.847],[102.648,4.848],[102.647,4.846],[102.642,4.848],[102.634,4.854],[102.629,4.854],[102.625,4.859],[102.618,4.859],[102.605,4.872],[102.593,4.871],[102.589,4.875],[102.589,4.878],[102.573,4.893],[102.566,4.893],[102.564,4.895],[102.562,4.894],[102.559,4.898],[102.554,4.9],[102.549,4.899],[102.541,4.904],[102.537,4.902],[102.533,4.895],[102.53,4.893],[102.508,4.901],[102.515,4.918],[102.513,4.933],[102.515,4.937],[102.521,4.938],[102.52,4.945],[102.516,4.947],[102.522,4.959],[102.513,4.965],[102.506,4.974],[102.498,4.993],[102.5,5.002],[102.498,5.006],[102.507,5.009],[102.511,5.009],[102.519,5.026],[102.515,5.031],[102.516,5.034],[102.51,5.042],[102.509,5.047],[102.512,5.054],[102.506,5.063],[102.503,5.072],[102.499,5.074],[102.505,5.086],[102.514,5.084],[102.516,5.086],[102.518,5.089],[102.518,5.098],[102.522,5.099],[102.528,5.104],[102.527,5.11],[102.519,5.115],[102.515,5.122],[102.514,5.126],[102.508,5.128],[102.497,5.134],[102.488,5.135],[102.486,5.138],[102.485,5.144],[102.476,5.152],[102.473,5.159],[102.466,5.161],[102.466,5.166],[102.458,5.168],[102.445,5.168],[102.441,5.175],[102.436,5.179],[102.418,5.179],[102.414,5.182],[102.416,5.189],[102.421,5.194],[102.424,5.212],[102.418,5.224],[102.417,5.232],[102.419,5.24],[102.417,5.259],[102.421,5.27],[102.418,5.279],[102.419,5.285],[102.417,5.29],[102.419,5.296],[102.42,5.31],[102.422,5.318],[102.428,5.32],[102.43,5.323],[102.428,5.338],[102.43,5.345],[102.428,5.352],[102.432,5.356],[102.439,5.357],[102.442,5.361],[102.443,5.36],[102.445,5.362],[102.442,5.369],[102.432,5.369],[102.428,5.373],[102.425,5.381],[102.422,5.382],[102.423,5.391],[102.42,5.388],[102.415,5.388],[102.413,5.393],[102.403,5.396],[102.401,5.4],[102.396,5.404],[102.394,5.408],[102.391,5.407],[102.388,5.41],[102.387,5.424],[102.39,5.427],[102.396,5.424],[102.399,5.432],[102.405,5.437],[102.406,5.442],[102.404,5.442],[102.401,5.451],[102.4,5.457],[102.402,5.457],[102.402,5.46],[102.4,5.466],[102.396,5.471],[102.392,5.474],[102.392,5.481],[102.395,5.496],[102.389,5.509],[102.385,5.51],[102.383,5.517],[102.384,5.52],[102.393,5.521],[102.396,5.526],[102.4,5.528],[102.404,5.538],[102.403,5.541],[102.406,5.543],[102.41,5.542],[102.411,5.543],[102.406,5.556],[102.407,5.559],[102.404,5.567],[102.4,5.578],[102.4,5.602],[102.404,5.613],[102.402,5.614],[102.4,5.619],[102.397,5.619],[102.396,5.627],[102.391,5.631],[102.392,5.64],[102.389,5.647],[102.388,5.652],[102.39,5.661],[102.388,5.665],[102.389,5.671],[102.385,5.677],[102.385,5.679],[102.381,5.682],[102.384,5.687],[102.383,5.69],[102.394,5.698],[102.399,5.695],[102.404,5.702],[102.406,5.711],[102.415,5.719],[102.418,5.719],[102.419,5.722],[102.422,5.724],[102.43,5.738],[102.436,5.746],[102.434,5.748],[102.456,5.763],[102.488,5.791],[102.537,5.847],[102.544,5.841],[102.558,5.839],[102.577,5.822],[102.591,5.816],[102.603,5.805],[102.608,5.803],[102.615,5.793],[102.62,5.791],[102.624,5.785],[102.626,5.783],[102.63,5.784],[102.651,5.752],[102.684,5.711],[102.709,5.69],[102.713,5.684],[102.754,5.656],[102.761,5.65],[102.768,5.647],[102.79,5.631],[102.812,5.612],[102.827,5.594],[102.853,5.572],[102.869,5.565],[102.907,5.541],[102.925,5.535],[102.952,5.536],[102.956,5.535],[102.993,5.514],[102.998,5.5],[103.023,5.477],[103.04,5.457],[103.092,5.411],[103.113,5.387],[103.132,5.353],[103.142,5.343],[103.14,5.339],[103.146,5.337],[103.15,5.332],[103.17,5.296],[103.172,5.291],[103.177,5.283],[103.183,5.27],[103.186,5.268],[103.186,5.265],[103.182,5.265],[103.179,5.261],[103.191,5.237],[103.2,5.221],[103.222,5.193],[103.241,5.149],[103.312,5.011],[103.328,4.983],[103.362,4.921],[103.381,4.892],[103.4,4.855],[103.413,4.835],[103.424,4.815],[103.425,4.812],[103.424,4.81],[103.429,4.797],[103.438,4.784],[103.439,4.781],[103.434,4.782],[103.43,4.782],[103.423,4.785],[103.409,4.784],[103.392,4.778],[103.391,4.775],[103.411,4.779],[103.424,4.778],[103.427,4.779],[103.423,4.774],[103.421,4.766],[103.423,4.756],[103.424,4.755],[103.423,4.755],[103.423,4.752],[103.445,4.702],[103.445,4.698],[103.442,4.695],[103.445,4.699],[103.448,4.689],[103.444,4.677],[103.447,4.657],[103.444,4.656],[103.438,4.66],[103.432,4.654],[103.432,4.652],[103.439,4.655],[103.437,4.651],[103.437,4.644],[103.44,4.63],[103.447,4.609],[103.465,4.57]]],[[[103.262,5.216],[103.262,5.224],[103.268,5.23],[103.27,5.219],[103.269,5.21],[103.268,5.209],[103.263,5.213],[103.262,5.216]]],[[[103.262,5.228],[103.26,5.228],[103.262,5.232],[103.263,5.231],[103.262,5.228]]],[[[103.156,5.625],[103.158,5.625],[103.159,5.622],[103.157,5.623],[103.156,5.625]]],[[[103.148,5.643],[103.15,5.642],[103.15,5.639],[103.148,5.64],[103.148,5.643]]],[[[103.062,5.598],[103.065,5.599],[103.064,5.596],[103.06,5.595],[103.062,5.598]]],[[[103.063,5.61],[103.057,5.611],[103.057,5.615],[103.054,5.617],[103.055,5.618],[103.056,5.625],[103.06,5.627],[103.066,5.626],[103.069,5.619],[103.068,5.614],[103.063,5.61]]],[[[103.065,5.656],[103.065,5.658],[103.067,5.658],[103.067,5.653],[103.065,5.656]]],[[[103.07,5.665],[103.071,5.666],[103.071,5.665],[103.071,5.663],[103.07,5.665]]],[[[103.069,5.667],[103.07,5.666],[103.068,5.666],[103.069,5.667],[103.069,5.667]]],[[[102.609,5.829],[102.61,5.832],[102.614,5.833],[102.616,5.829],[102.61,5.827],[102.608,5.828],[102.609,5.829]]],[[[103.028,5.739],[103.028,5.735],[103.026,5.735],[103.026,5.737],[103.028,5.739]]],[[[102.997,5.732],[102.997,5.73],[102.995,5.736],[102.998,5.74],[102.997,5.743],[102.999,5.745],[103.004,5.736],[103.003,5.734],[103,5.733],[102.998,5.733],[102.997,5.732]]],[[[103.037,5.77],[103.035,5.771],[103.037,5.772],[103.037,5.77],[103.037,5.77]]],[[[103.033,5.77],[103.033,5.77],[103.032,5.771],[103.033,5.772],[103.033,5.77]]],[[[103.055,5.774],[103.058,5.774],[103.058,5.77],[103.057,5.77],[103.055,5.774]]],[[[103.04,5.776],[103.039,5.775],[103.037,5.776],[103.037,5.777],[103.04,5.776]]],[[[103.007,5.815],[103.011,5.807],[103.015,5.805],[103.015,5.799],[103.013,5.797],[103.014,5.797],[103.011,5.789],[103.012,5.785],[103.016,5.783],[103.018,5.784],[103.022,5.792],[103.027,5.79],[103.028,5.791],[103.029,5.789],[103.032,5.788],[103.038,5.789],[103.041,5.787],[103.03,5.775],[103.029,5.769],[103.032,5.767],[103.027,5.765],[103.028,5.761],[103.025,5.762],[103.017,5.754],[103.016,5.751],[103.013,5.749],[102.998,5.75],[102.996,5.747],[102.992,5.755],[102.993,5.767],[102.986,5.781],[102.99,5.786],[102.992,5.793],[102.99,5.802],[102.993,5.812],[102.997,5.815],[103.001,5.814],[103.004,5.811],[103.007,5.815]]],[[[102.905,5.789],[102.903,5.786],[102.893,5.789],[102.893,5.793],[102.89,5.798],[102.89,5.8],[102.893,5.801],[102.895,5.797],[102.905,5.789]]],[[[102.769,5.9],[102.774,5.892],[102.77,5.888],[102.77,5.884],[102.766,5.886],[102.763,5.884],[102.76,5.889],[102.756,5.894],[102.747,5.89],[102.747,5.883],[102.744,5.88],[102.739,5.895],[102.739,5.902],[102.743,5.902],[102.745,5.903],[102.744,5.906],[102.748,5.91],[102.751,5.909],[102.755,5.911],[102.757,5.918],[102.761,5.924],[102.761,5.919],[102.77,5.913],[102.771,5.911],[102.769,5.9]]],[[[102.724,5.932],[102.723,5.926],[102.727,5.924],[102.727,5.921],[102.724,5.92],[102.724,5.917],[102.733,5.907],[102.731,5.898],[102.728,5.893],[102.725,5.892],[102.717,5.895],[102.716,5.899],[102.716,5.909],[102.718,5.913],[102.716,5.921],[102.718,5.922],[102.718,5.926],[102.72,5.931],[102.719,5.936],[102.726,5.938],[102.728,5.934],[102.724,5.934],[102.724,5.932]]],[[[102.67,5.942],[102.669,5.941],[102.669,5.944],[102.67,5.942],[102.67,5.942]]],[[[102.67,5.958],[102.671,5.958],[102.671,5.958],[102.67,5.958],[102.67,5.958]]],[[[102.664,5.957],[102.663,5.958],[102.664,5.961],[102.668,5.959],[102.666,5.955],[102.664,5.957]]],[[[102.682,5.962],[102.684,5.963],[102.685,5.959],[102.684,5.959],[102.682,5.962]]],[[[102.677,5.961],[102.677,5.962],[102.68,5.961],[102.679,5.961],[102.677,5.961]]],[[[102.668,5.962],[102.668,5.961],[102.667,5.961],[102.667,5.963],[102.668,5.962]]]]}},{"type":"Feature","properties":{"id":"wp","name":"W.P. Putrajaya"},"geometry":{"type":"MultiPolygon","coordinates":[[[[101.699,2.972],[101.698,2.968],[101.702,2.967],[101.702,2.963],[101.707,2.963],[101.709,2.961],[101.714,2.964],[101.714,2.955],[101.729,2.955],[101.731,2.953],[101.731,2.929],[101.706,2.929],[101.706,2.913],[101.699,2.913],[101.699,2.909],[101.696,2.909],[101.696,2.906],[101.7,2.905],[101.7,2.901],[101.696,2.898],[101.696,2.894],[101.688,2.893],[101.683,2.882],[101.679,2.881],[101.679,2.88],[101.677,2.879],[101.674,2.881],[101.673,2.876],[101.67,2.883],[101.664,2.879],[101.658,2.899],[101.662,2.904],[101.662,2.908],[101.668,2.91],[101.668,2.915],[101.67,2.915],[101.671,2.919],[101.671,2.923],[101.666,2.931],[101.667,2.938],[101.663,2.944],[101.673,2.946],[101.673,2.948],[101.671,2.953],[101.663,2.958],[101.661,2.964],[101.669,2.97],[101.675,2.972],[101.685,2.971],[101.703,2.979],[101.706,2.983],[101.706,2.979],[101.699,2.972]]]]}}]}